clip_id,clip_path
smoke_v2_01,orbit-research/adsr_phase2_20260604/paper_prep/storage_triage/A_PRIME_500_JUDGE_SAMPLE/media/aprime_0160_e6ba8673890c.flac
smoke_v2_02,orbit-research/adsr_phase2_20260604/paper_prep/storage_triage/A_PRIME_500_JUDGE_SAMPLE/media/aprime_0379_7b1bf6aece21.flac
smoke_v2_03,orbit-research/adsr_phase2_20260604/paper_prep/storage_triage/A_PRIME_500_JUDGE_SAMPLE/media/aprime_0059_d06694982456.flac
smoke_v2_04,orbit-research/adsr_phase2_20260604/paper_prep/storage_triage/A_PRIME_500_JUDGE_SAMPLE/media/aprime_0171_a9bc6b9039e4.flac
smoke_v2_05,orbit-research/adsr_phase2_20260604/paper_prep/storage_triage/A_PRIME_500_JUDGE_SAMPLE/media/aprime_0346_fc6eb50397b2.flac
smoke_v2_06,orbit-research/adsr_phase2_20260604/paper_prep/storage_triage/A_PRIME_500_JUDGE_SAMPLE/media/aprime_0406_514e4242add9.flac
smoke_v2_07,orbit-research/adsr_phase2_20260604/paper_prep/storage_triage/A_PRIME_500_JUDGE_SAMPLE/media/aprime_0241_19ce93b0c3d4.flac
smoke_v2_08,orbit-research/adsr_phase2_20260604/paper_prep/storage_triage/A_PRIME_500_JUDGE_SAMPLE/media/aprime_0468_50690aa31cb5.flac
smoke_v2_09,orbit-research/adsr_phase2_20260604/paper_prep/storage_triage/A_PRIME_500_JUDGE_SAMPLE/media/aprime_0489_96c833f931e6.flac
smoke_v2_10,orbit-research/adsr_phase2_20260604/paper_prep/storage_triage/A_PRIME_500_JUDGE_SAMPLE/media/aprime_0223_1ec547c1e1a3.flac
