record_id,cohort,reason,requested_vocal
003c2568a569f10015be5b2f,atlas_keep,outside_direction_specific_recompute_scope,
0065d4de062a103f65b7fdc1,atlas_keep,outside_direction_specific_recompute_scope,
021428ebebb8aff97a01fa92,atlas_keep,outside_direction_specific_recompute_scope,
0305b42dd24ad163d4761375,atlas_keep,outside_direction_specific_recompute_scope,
0445faad72df83e678415349,atlas_keep,outside_direction_specific_recompute_scope,
05c50aac82f8e2ddd2d4fd5d,atlas_keep,outside_direction_specific_recompute_scope,
07209507314ecc949a41167c,atlas_keep,outside_direction_specific_recompute_scope,
078aa66069cdf33de9f83ce4,atlas_keep,outside_direction_specific_recompute_scope,
089bff27af74e20dbfe7b320,atlas_keep,outside_direction_specific_recompute_scope,
0a82a3ee0abbc70bd3e60be1,atlas_keep,outside_direction_specific_recompute_scope,
0ae7935af21830f3e52f73f0,atlas_keep,outside_direction_specific_recompute_scope,
0b74dbf77b89b03151ed794c,atlas_keep,outside_direction_specific_recompute_scope,
0b79785bf4b43587a202782d,atlas_keep,outside_direction_specific_recompute_scope,
0d8764a220c75f261ee648bd,atlas_keep,outside_direction_specific_recompute_scope,
0db1f9eecff0b476b82e96ca,atlas_keep,outside_direction_specific_recompute_scope,
0e2396a82c23a34b62838808,atlas_keep,outside_direction_specific_recompute_scope,
0e80201e9562542704cb14f4,atlas_keep,outside_direction_specific_recompute_scope,
14d631c3632732201f518846,atlas_keep,outside_direction_specific_recompute_scope,
163852c74de41de02b689ec4,atlas_keep,outside_direction_specific_recompute_scope,
16651dfaca8d3631e780bd98,atlas_keep,outside_direction_specific_recompute_scope,
17ff04f3cad31899299e4900,atlas_keep,outside_direction_specific_recompute_scope,
19dd7cddf4dc93034d882de6,atlas_keep,outside_direction_specific_recompute_scope,
1a3206743f7d5219236eab81,atlas_keep,outside_direction_specific_recompute_scope,
1acff31992a28b7dd83c1af1,atlas_keep,outside_direction_specific_recompute_scope,
1ebfc198e143a0c827b6ec26,atlas_keep,outside_direction_specific_recompute_scope,
1fb0c138fc180b4629baecc6,atlas_keep,outside_direction_specific_recompute_scope,
21d3cc412ace1213ea7299b0,atlas_keep,outside_direction_specific_recompute_scope,
2274130c9d4a191995468f4e,atlas_keep,outside_direction_specific_recompute_scope,
24f0244586fba24ad95d1ba3,atlas_keep,outside_direction_specific_recompute_scope,
274620a5477584565cd9154d,atlas_keep,outside_direction_specific_recompute_scope,
27bdd14525d39fe04bb91e69,atlas_keep,outside_direction_specific_recompute_scope,
2ab4523db4615d3ba586c085,atlas_keep,outside_direction_specific_recompute_scope,
2b64199eba6042a099f76972,atlas_keep,outside_direction_specific_recompute_scope,
2b7f6c6738c1b0243d7989dc,atlas_keep,outside_direction_specific_recompute_scope,
2db5c6aa1a1c0fdd2cd2e3d8,atlas_keep,outside_direction_specific_recompute_scope,
2dcda9d27f0256625e8a5ac0,atlas_keep,outside_direction_specific_recompute_scope,
2f8562c6db8effda3cc14f75,atlas_keep,outside_direction_specific_recompute_scope,
2f935b43e873c2b1a6d48baa,atlas_keep,outside_direction_specific_recompute_scope,
31ff21956fc3748b78f68d1a,atlas_keep,outside_direction_specific_recompute_scope,
33ba9202e202115712b46afb,atlas_keep,outside_direction_specific_recompute_scope,
367c0c3d0b26439707a58300,atlas_keep,outside_direction_specific_recompute_scope,
37a617cf02223d5c82117109,atlas_keep,outside_direction_specific_recompute_scope,
380c1b6f22498fdd0c2b68c7,atlas_keep,outside_direction_specific_recompute_scope,
385c2103ab97f27afea2b816,atlas_keep,outside_direction_specific_recompute_scope,
398a42f022c8cbbf39a4edec,atlas_keep,outside_direction_specific_recompute_scope,
3aaaab9303993ced9d859dba,atlas_keep,outside_direction_specific_recompute_scope,
3af09d86e9b6f06f5f13bdab,atlas_keep,outside_direction_specific_recompute_scope,
3d86e33267fe9c0e28655a61,atlas_keep,outside_direction_specific_recompute_scope,
3dca0dcea862572a070077b1,atlas_keep,outside_direction_specific_recompute_scope,
3ea7aabdf03ccd73c6270daa,atlas_keep,outside_direction_specific_recompute_scope,
3ed0330616ed6a295b077378,atlas_keep,outside_direction_specific_recompute_scope,
3ff5b4fda3b85408f2feee0d,atlas_keep,outside_direction_specific_recompute_scope,
43a93ef2161937eb2b5b45a2,atlas_keep,outside_direction_specific_recompute_scope,
44b150d2271b46aa637cb869,atlas_keep,outside_direction_specific_recompute_scope,
44c05a6783b8eb0410e7d5a1,atlas_keep,outside_direction_specific_recompute_scope,
4557b6e891c2cca3fd84d757,atlas_keep,outside_direction_specific_recompute_scope,
471b33a9fe86f1bb96490aed,atlas_keep,outside_direction_specific_recompute_scope,
4819567a5d21bd880f26da6c,atlas_keep,outside_direction_specific_recompute_scope,
4a69776e7e55f751ea6772bb,atlas_keep,outside_direction_specific_recompute_scope,
4b9bca2fee1ac9e063aae5a6,atlas_keep,outside_direction_specific_recompute_scope,
4d4f33774e3bd48f4328a2ac,atlas_keep,outside_direction_specific_recompute_scope,
4d7adb06cd432d57e04853d5,atlas_keep,outside_direction_specific_recompute_scope,
4e30caf4f86ddc0b31c44273,atlas_keep,outside_direction_specific_recompute_scope,
503d379ea4d43ac0d2ffee9d,atlas_keep,outside_direction_specific_recompute_scope,
50a44d5933674139130242b3,atlas_keep,outside_direction_specific_recompute_scope,
52c8a9511ada37069fcefb0e,atlas_keep,outside_direction_specific_recompute_scope,
532faa549022efb02aa712a7,atlas_keep,outside_direction_specific_recompute_scope,
54c5d687db772198edca1d8b,atlas_keep,outside_direction_specific_recompute_scope,
5729b69c3169afab52a81a19,atlas_keep,outside_direction_specific_recompute_scope,
5736990ef96d9805a19bd66b,atlas_keep,outside_direction_specific_recompute_scope,
5db842add7bc18e5863e583a,atlas_keep,outside_direction_specific_recompute_scope,
5f08614570f7248d7abdfeb3,atlas_keep,outside_direction_specific_recompute_scope,
5f4eefce168876ddbd33494f,atlas_keep,outside_direction_specific_recompute_scope,
60dd2de65fde0e08c1dacc84,atlas_keep,outside_direction_specific_recompute_scope,
60efdf61db4c146e6c9028f0,atlas_keep,outside_direction_specific_recompute_scope,
61b1f2f2c561a6e1255a4d82,atlas_keep,outside_direction_specific_recompute_scope,
65dbae5c6357811b7e7181a9,atlas_keep,outside_direction_specific_recompute_scope,
660288594f111f7d2cb0a3de,atlas_keep,outside_direction_specific_recompute_scope,
66f4400cc669bfaf839f7489,atlas_keep,outside_direction_specific_recompute_scope,
693711d71dd8c73817963499,atlas_keep,outside_direction_specific_recompute_scope,
6a2849cf66d6e5fefdbbfee2,atlas_keep,outside_direction_specific_recompute_scope,
6ae38c6b259be81ae076588d,atlas_keep,outside_direction_specific_recompute_scope,
6b8cffb0d148773db964620f,atlas_keep,outside_direction_specific_recompute_scope,
6c6d3fc18d4d71e6f9f73507,atlas_keep,outside_direction_specific_recompute_scope,
6c88977368ddb66b6030f022,atlas_keep,outside_direction_specific_recompute_scope,
6da9f513554d2910ca5a7a6a,atlas_keep,outside_direction_specific_recompute_scope,
6f5708aa21d9464b71a9e029,atlas_keep,outside_direction_specific_recompute_scope,
733ddf92de03163466877a26,atlas_keep,outside_direction_specific_recompute_scope,
7490d99dbf9ba0d728147d72,atlas_keep,outside_direction_specific_recompute_scope,
7840b99addfb119b397d741e,atlas_keep,outside_direction_specific_recompute_scope,
819129c8d98a089b0a199fb4,atlas_keep,outside_direction_specific_recompute_scope,
84056934c8189b0559e3eb19,atlas_keep,outside_direction_specific_recompute_scope,
84c7a23ed99997fd5b4523bc,atlas_keep,outside_direction_specific_recompute_scope,
857b5c7e236ed33055b57b38,atlas_keep,outside_direction_specific_recompute_scope,
878c1a411acb529b61cd3df3,atlas_keep,outside_direction_specific_recompute_scope,
8791c05b8abfad65e305f302,atlas_keep,outside_direction_specific_recompute_scope,
8958cd40dee72cf4e081cf8b,atlas_keep,outside_direction_specific_recompute_scope,
8959370f31d4c7c4c1c7b757,atlas_keep,outside_direction_specific_recompute_scope,
89e1b41c95293e3942c8761a,atlas_keep,outside_direction_specific_recompute_scope,
8a185a8ea4f6c371e34363b6,atlas_keep,outside_direction_specific_recompute_scope,
8b05a3f3d8fef7573c0aceb1,atlas_keep,outside_direction_specific_recompute_scope,
8f947df9e8b9f671a105ac7f,atlas_keep,outside_direction_specific_recompute_scope,
90349ee2e0463409cfb03531,atlas_keep,outside_direction_specific_recompute_scope,
92af3ed107393ea1618835d7,atlas_keep,outside_direction_specific_recompute_scope,
93267107f2d25098d1eccc58,atlas_keep,outside_direction_specific_recompute_scope,
94e57ee65a71d0a830abaa0d,atlas_keep,outside_direction_specific_recompute_scope,
94f57997a4b693734a9ba39a,atlas_keep,outside_direction_specific_recompute_scope,
96d15fd626f07670ad0be53b,atlas_keep,outside_direction_specific_recompute_scope,
999f10f578f04d749cebf523,atlas_keep,outside_direction_specific_recompute_scope,
9c58a6c2ed76d4613a7a1956,atlas_keep,outside_direction_specific_recompute_scope,
9d2548e090561134a6c9c403,atlas_keep,outside_direction_specific_recompute_scope,
9fcaff1c2c594b99f085e2d7,atlas_keep,outside_direction_specific_recompute_scope,
a068ffa16e64ab97b5b7a065,atlas_keep,outside_direction_specific_recompute_scope,
a10f8009a38d04bd475e4399,atlas_keep,outside_direction_specific_recompute_scope,
a23dd2b29cb88068addb5baa,atlas_keep,outside_direction_specific_recompute_scope,
a7c90b94f39c43f5bd231c55,atlas_keep,outside_direction_specific_recompute_scope,
a9157cfc50a3372f973404a1,atlas_keep,outside_direction_specific_recompute_scope,
a9d6cdd97f994cb56e5bc120,atlas_keep,outside_direction_specific_recompute_scope,
abd570d63a51344791cb2f5d,atlas_keep,outside_direction_specific_recompute_scope,
ace788a099cf1e409f7c858c,atlas_keep,outside_direction_specific_recompute_scope,
ae1f7c76d8e8cc11681a5ca2,atlas_keep,outside_direction_specific_recompute_scope,
aed190140104cd60d4958610,atlas_keep,outside_direction_specific_recompute_scope,
afc2167026bbaca7b99135eb,atlas_keep,outside_direction_specific_recompute_scope,
b088535870cf26da4cf7248c,atlas_keep,outside_direction_specific_recompute_scope,
b1b605212019a390c8cbeec6,atlas_keep,outside_direction_specific_recompute_scope,
b28a234d6e7bec3c50a10658,atlas_keep,outside_direction_specific_recompute_scope,
b49df8bf3ded59d1d22c388a,atlas_keep,outside_direction_specific_recompute_scope,
b5f7195430c7931c93bd9db0,atlas_keep,outside_direction_specific_recompute_scope,
b6f866ed801394fb7b0a4966,atlas_keep,outside_direction_specific_recompute_scope,
b7b6f0a502c5ed38a2a60d36,atlas_keep,outside_direction_specific_recompute_scope,
b80a2fc4f5b33f2faffa49fb,atlas_keep,outside_direction_specific_recompute_scope,
b81440ccadbd98d3cd61706f,atlas_keep,outside_direction_specific_recompute_scope,
b911304a5841e60f3c816959,atlas_keep,outside_direction_specific_recompute_scope,
ba488d347489ac1a9ff8ab7e,candidate_spine_4096,superseded_by_reconstructed_spine,1
bc1548fa2667bca6dcac0840,atlas_keep,outside_direction_specific_recompute_scope,
bc2a1cb54ae2e43bf1e49b76,atlas_keep,outside_direction_specific_recompute_scope,
bc33285434f34536b4fbfa35,atlas_keep,outside_direction_specific_recompute_scope,
bd7e6c948de54098a89f8b56,atlas_keep,outside_direction_specific_recompute_scope,
bdc8128b622a42f75104730c,atlas_keep,outside_direction_specific_recompute_scope,
be00f68e0d44049e5b2fe92f,atlas_keep,outside_direction_specific_recompute_scope,
be39f3e89617e0fed98e3832,atlas_keep,outside_direction_specific_recompute_scope,
bfe1f029711327413caa88dd,atlas_keep,outside_direction_specific_recompute_scope,
c00be72f1662dc57c86af78e,atlas_keep,outside_direction_specific_recompute_scope,
c377a946dee0ae19b3fb899a,atlas_keep,outside_direction_specific_recompute_scope,
c5790da04802f51f0944cf97,atlas_keep,outside_direction_specific_recompute_scope,
c6392e88aae0c2e02a84a36a,atlas_keep,outside_direction_specific_recompute_scope,
c7b33c9e73f8e9a00623c222,atlas_keep,outside_direction_specific_recompute_scope,
c85d289a44bf02a9d826c255,atlas_keep,outside_direction_specific_recompute_scope,
c89d51b91c0ac40d59b8ceb1,atlas_keep,outside_direction_specific_recompute_scope,
ca33676eb7d98fdcae2aa627,atlas_keep,outside_direction_specific_recompute_scope,
ca8349b727f034b193f4de74,atlas_keep,outside_direction_specific_recompute_scope,
cd6e31e10170a672e9b10286,atlas_keep,outside_direction_specific_recompute_scope,
cf094be8e233173e2f67d854,atlas_keep,outside_direction_specific_recompute_scope,
cfa06ee35e60334711b3d088,atlas_keep,outside_direction_specific_recompute_scope,
cfc3df14ba27ce886a68ca56,atlas_keep,outside_direction_specific_recompute_scope,
cffcf83d9a4a0c33ce2bc974,atlas_keep,outside_direction_specific_recompute_scope,
d09d55e7e8a4a9dc7ab69389,atlas_keep,outside_direction_specific_recompute_scope,
d133f63cdc093adf38e494ca,atlas_keep,outside_direction_specific_recompute_scope,
d24e65956db5fc6caeff8ce7,atlas_keep,outside_direction_specific_recompute_scope,
d2b9ea3108cd125f03f5fe25,atlas_keep,outside_direction_specific_recompute_scope,
d30168502e08f8894758c93f,atlas_keep,outside_direction_specific_recompute_scope,
d4941ab8b9a366f548d3ab00,atlas_keep,outside_direction_specific_recompute_scope,
d5a9691c8f2d20acd3af962b,atlas_keep,outside_direction_specific_recompute_scope,
d5f42084e1e95568f14e17a1,atlas_keep,outside_direction_specific_recompute_scope,
d89339039bb6638c2dd72b66,atlas_keep,outside_direction_specific_recompute_scope,
dc611b6ed815df727b54e9b4,atlas_keep,outside_direction_specific_recompute_scope,
dd8b86c15d24552af8475994,atlas_keep,outside_direction_specific_recompute_scope,
ddd799db2fed2bfd801e2409,atlas_keep,outside_direction_specific_recompute_scope,
e065cbe69c86c88352588d58,atlas_keep,outside_direction_specific_recompute_scope,
e0f496896e9c511acb04989f,atlas_keep,outside_direction_specific_recompute_scope,
e0f7a54bac4db9a2fb80ebe7,atlas_keep,outside_direction_specific_recompute_scope,
e1c36a847c8f73e2fe8dc1a2,atlas_keep,outside_direction_specific_recompute_scope,
e2252682956c646ddbc1748a,atlas_keep,outside_direction_specific_recompute_scope,
e3eeac627f710af940b00c8f,atlas_keep,outside_direction_specific_recompute_scope,
e4ad2f90501f7a7c34f1330a,atlas_keep,outside_direction_specific_recompute_scope,
e516d1411e15a8dcea8d8fd5,atlas_keep,outside_direction_specific_recompute_scope,
e71161fa10617e601623ba69,atlas_keep,outside_direction_specific_recompute_scope,
e96598095bc0b62ecb4eed87,atlas_keep,outside_direction_specific_recompute_scope,
e9ea433dc1ac352fea8fe8d0,atlas_keep,outside_direction_specific_recompute_scope,
eb6e2f2637773dd2abab76c8,atlas_keep,outside_direction_specific_recompute_scope,
ecc9b23c8b18770877a05817,atlas_keep,outside_direction_specific_recompute_scope,
ee54a89a4f3e93b48a511db5,atlas_keep,outside_direction_specific_recompute_scope,
ef5a2085c31d99fe6b07b01a,atlas_keep,outside_direction_specific_recompute_scope,
ef8c8dc3b2195709de16794d,atlas_keep,outside_direction_specific_recompute_scope,
f29ee323e46340cb6e0a5898,atlas_keep,outside_direction_specific_recompute_scope,
f3468dc06383df5422f3040f,atlas_keep,outside_direction_specific_recompute_scope,
f3cddc6a9537a31a88b730b4,atlas_keep,outside_direction_specific_recompute_scope,
f40c61f3dc22e4a063c30f93,atlas_keep,outside_direction_specific_recompute_scope,
f4f111288000176d49f17b36,atlas_keep,outside_direction_specific_recompute_scope,
f6045bdb9c5f7f8c37e89e28,atlas_keep,outside_direction_specific_recompute_scope,
f7f4951e77e00dca3ca78580,atlas_keep,outside_direction_specific_recompute_scope,
f94dc4dc2d3c0f05eb6bf422,atlas_keep,outside_direction_specific_recompute_scope,
fa06ce32901deaa4f5dfd363,atlas_keep,outside_direction_specific_recompute_scope,
facf46b981dd42dd12126d58,atlas_keep,outside_direction_specific_recompute_scope,
fcaddfc5ec3adddc24ffd75e,atlas_keep,outside_direction_specific_recompute_scope,
