rating_id,label_a_voice_presence,label_b_constraint,rating_source
aprime_0002_cb61f08e16e7,yes,unsure,judge:Qwen3-Omni-30B-A3B-Instruct:validated:2b2008a63ff4a9e95c20384062baa510575c292bfa3809fc33abac128d380594
aprime_0003_dc53ac75b40f,yes,unsure,judge:Qwen3-Omni-30B-A3B-Instruct:validated:2b2008a63ff4a9e95c20384062baa510575c292bfa3809fc33abac128d380594
aprime_0005_9d75ac5a9a2f,yes,unsure,judge:Qwen3-Omni-30B-A3B-Instruct:validated:2b2008a63ff4a9e95c20384062baa510575c292bfa3809fc33abac128d380594
aprime_0006_3b40c61a9919,yes,unsure,judge:Qwen3-Omni-30B-A3B-Instruct:validated:2b2008a63ff4a9e95c20384062baa510575c292bfa3809fc33abac128d380594
aprime_0007_c77b4f65af92,yes,unsure,judge:Qwen3-Omni-30B-A3B-Instruct:validated:2b2008a63ff4a9e95c20384062baa510575c292bfa3809fc33abac128d380594
aprime_0008_1cd2673b1b1a,no,unsure,judge:Qwen3-Omni-30B-A3B-Instruct:validated:2b2008a63ff4a9e95c20384062baa510575c292bfa3809fc33abac128d380594
aprime_0010_c40f8a004de2,yes,unsure,judge:Qwen3-Omni-30B-A3B-Instruct:validated:2b2008a63ff4a9e95c20384062baa510575c292bfa3809fc33abac128d380594
aprime_0012_709e2158f89b,yes,unsure,judge:Qwen3-Omni-30B-A3B-Instruct:validated:2b2008a63ff4a9e95c20384062baa510575c292bfa3809fc33abac128d380594
aprime_0014_2ab2f924ad6b,yes,unsure,judge:Qwen3-Omni-30B-A3B-Instruct:validated:2b2008a63ff4a9e95c20384062baa510575c292bfa3809fc33abac128d380594
aprime_0015_c8a29922e31c,yes,unsure,judge:Qwen3-Omni-30B-A3B-Instruct:validated:2b2008a63ff4a9e95c20384062baa510575c292bfa3809fc33abac128d380594
aprime_0017_6322eb1d4bec,no,unsure,judge:Qwen3-Omni-30B-A3B-Instruct:validated:2b2008a63ff4a9e95c20384062baa510575c292bfa3809fc33abac128d380594
aprime_0019_c0a7a0cb8433,yes,unsure,judge:Qwen3-Omni-30B-A3B-Instruct:validated:2b2008a63ff4a9e95c20384062baa510575c292bfa3809fc33abac128d380594
aprime_0022_a4011c33ade1,yes,unsure,judge:Qwen3-Omni-30B-A3B-Instruct:validated:2b2008a63ff4a9e95c20384062baa510575c292bfa3809fc33abac128d380594
aprime_0023_c81f575954f2,yes,unsure,judge:Qwen3-Omni-30B-A3B-Instruct:validated:2b2008a63ff4a9e95c20384062baa510575c292bfa3809fc33abac128d380594
aprime_0024_dd924bba58c9,yes,unsure,judge:Qwen3-Omni-30B-A3B-Instruct:validated:2b2008a63ff4a9e95c20384062baa510575c292bfa3809fc33abac128d380594
aprime_0025_4725363a9ad7,yes,unsure,judge:Qwen3-Omni-30B-A3B-Instruct:validated:2b2008a63ff4a9e95c20384062baa510575c292bfa3809fc33abac128d380594
aprime_0026_8b6727c9c82b,yes,unsure,judge:Qwen3-Omni-30B-A3B-Instruct:validated:2b2008a63ff4a9e95c20384062baa510575c292bfa3809fc33abac128d380594
aprime_0027_aaed6b8011f2,yes,unsure,judge:Qwen3-Omni-30B-A3B-Instruct:validated:2b2008a63ff4a9e95c20384062baa510575c292bfa3809fc33abac128d380594
aprime_0028_e5d27ab04444,yes,unsure,judge:Qwen3-Omni-30B-A3B-Instruct:validated:2b2008a63ff4a9e95c20384062baa510575c292bfa3809fc33abac128d380594
aprime_0029_d2687aa42c80,yes,unsure,judge:Qwen3-Omni-30B-A3B-Instruct:validated:2b2008a63ff4a9e95c20384062baa510575c292bfa3809fc33abac128d380594
aprime_0031_0895148b4ba3,yes,unsure,judge:Qwen3-Omni-30B-A3B-Instruct:validated:2b2008a63ff4a9e95c20384062baa510575c292bfa3809fc33abac128d380594
aprime_0032_c09cba826e84,yes,unsure,judge:Qwen3-Omni-30B-A3B-Instruct:validated:2b2008a63ff4a9e95c20384062baa510575c292bfa3809fc33abac128d380594
aprime_0034_15bfc589591f,yes,unsure,judge:Qwen3-Omni-30B-A3B-Instruct:validated:2b2008a63ff4a9e95c20384062baa510575c292bfa3809fc33abac128d380594
aprime_0036_afd53ecdab7b,yes,unsure,judge:Qwen3-Omni-30B-A3B-Instruct:validated:2b2008a63ff4a9e95c20384062baa510575c292bfa3809fc33abac128d380594
aprime_0038_e66cd95176ba,no,unsure,judge:Qwen3-Omni-30B-A3B-Instruct:validated:2b2008a63ff4a9e95c20384062baa510575c292bfa3809fc33abac128d380594
aprime_0039_ddfd9f249d7d,yes,unsure,judge:Qwen3-Omni-30B-A3B-Instruct:validated:2b2008a63ff4a9e95c20384062baa510575c292bfa3809fc33abac128d380594
aprime_0040_24b0c8cc08b6,no,unsure,judge:Qwen3-Omni-30B-A3B-Instruct:validated:2b2008a63ff4a9e95c20384062baa510575c292bfa3809fc33abac128d380594
aprime_0041_8cd0810a4873,yes,unsure,judge:Qwen3-Omni-30B-A3B-Instruct:validated:2b2008a63ff4a9e95c20384062baa510575c292bfa3809fc33abac128d380594
aprime_0044_e536def8ad8a,yes,unsure,judge:Qwen3-Omni-30B-A3B-Instruct:validated:2b2008a63ff4a9e95c20384062baa510575c292bfa3809fc33abac128d380594
aprime_0046_15c864f16968,yes,unsure,judge:Qwen3-Omni-30B-A3B-Instruct:validated:2b2008a63ff4a9e95c20384062baa510575c292bfa3809fc33abac128d380594
aprime_0047_67fe5110e092,yes,unsure,judge:Qwen3-Omni-30B-A3B-Instruct:validated:2b2008a63ff4a9e95c20384062baa510575c292bfa3809fc33abac128d380594
aprime_0048_f29546b533f8,yes,unsure,judge:Qwen3-Omni-30B-A3B-Instruct:validated:2b2008a63ff4a9e95c20384062baa510575c292bfa3809fc33abac128d380594
aprime_0050_c42dda9a60cb,yes,unsure,judge:Qwen3-Omni-30B-A3B-Instruct:validated:2b2008a63ff4a9e95c20384062baa510575c292bfa3809fc33abac128d380594
aprime_0052_92665bfc8b1a,yes,unsure,judge:Qwen3-Omni-30B-A3B-Instruct:validated:2b2008a63ff4a9e95c20384062baa510575c292bfa3809fc33abac128d380594
aprime_0053_20089bccb36c,yes,unsure,judge:Qwen3-Omni-30B-A3B-Instruct:validated:2b2008a63ff4a9e95c20384062baa510575c292bfa3809fc33abac128d380594
aprime_0054_d34f3c1d43d2,yes,unsure,judge:Qwen3-Omni-30B-A3B-Instruct:validated:2b2008a63ff4a9e95c20384062baa510575c292bfa3809fc33abac128d380594
aprime_0055_5a6e0edd58e5,yes,unsure,judge:Qwen3-Omni-30B-A3B-Instruct:validated:2b2008a63ff4a9e95c20384062baa510575c292bfa3809fc33abac128d380594
aprime_0056_3b7f4fe8190d,no,unsure,judge:Qwen3-Omni-30B-A3B-Instruct:validated:2b2008a63ff4a9e95c20384062baa510575c292bfa3809fc33abac128d380594
aprime_0057_6d75e244740a,yes,unsure,judge:Qwen3-Omni-30B-A3B-Instruct:validated:2b2008a63ff4a9e95c20384062baa510575c292bfa3809fc33abac128d380594
aprime_0058_8a0ed4bf138e,no,unsure,judge:Qwen3-Omni-30B-A3B-Instruct:validated:2b2008a63ff4a9e95c20384062baa510575c292bfa3809fc33abac128d380594
aprime_0059_b097d39b3b5b,yes,unsure,judge:Qwen3-Omni-30B-A3B-Instruct:validated:2b2008a63ff4a9e95c20384062baa510575c292bfa3809fc33abac128d380594
aprime_0060_60ead770babb,yes,unsure,judge:Qwen3-Omni-30B-A3B-Instruct:validated:2b2008a63ff4a9e95c20384062baa510575c292bfa3809fc33abac128d380594
aprime_0061_807245d3f7d8,yes,unsure,judge:Qwen3-Omni-30B-A3B-Instruct:validated:2b2008a63ff4a9e95c20384062baa510575c292bfa3809fc33abac128d380594
aprime_0062_97cef612806f,yes,unsure,judge:Qwen3-Omni-30B-A3B-Instruct:validated:2b2008a63ff4a9e95c20384062baa510575c292bfa3809fc33abac128d380594
aprime_0063_56b5368cbb05,yes,unsure,judge:Qwen3-Omni-30B-A3B-Instruct:validated:2b2008a63ff4a9e95c20384062baa510575c292bfa3809fc33abac128d380594
aprime_0065_944e6b35fa73,yes,unsure,judge:Qwen3-Omni-30B-A3B-Instruct:validated:2b2008a63ff4a9e95c20384062baa510575c292bfa3809fc33abac128d380594
aprime_0067_6544e579a28e,yes,unsure,judge:Qwen3-Omni-30B-A3B-Instruct:validated:2b2008a63ff4a9e95c20384062baa510575c292bfa3809fc33abac128d380594
aprime_0068_0a99c17d1e79,yes,unsure,judge:Qwen3-Omni-30B-A3B-Instruct:validated:2b2008a63ff4a9e95c20384062baa510575c292bfa3809fc33abac128d380594
aprime_0070_7af88f8e05ab,yes,unsure,judge:Qwen3-Omni-30B-A3B-Instruct:validated:2b2008a63ff4a9e95c20384062baa510575c292bfa3809fc33abac128d380594
aprime_0073_bd22da18a88b,yes,unsure,judge:Qwen3-Omni-30B-A3B-Instruct:validated:2b2008a63ff4a9e95c20384062baa510575c292bfa3809fc33abac128d380594
aprime_0074_703670b1bd72,yes,unsure,judge:Qwen3-Omni-30B-A3B-Instruct:validated:2b2008a63ff4a9e95c20384062baa510575c292bfa3809fc33abac128d380594
aprime_0076_711e802aa637,yes,unsure,judge:Qwen3-Omni-30B-A3B-Instruct:validated:2b2008a63ff4a9e95c20384062baa510575c292bfa3809fc33abac128d380594
aprime_0077_edcc25697b07,yes,unsure,judge:Qwen3-Omni-30B-A3B-Instruct:validated:2b2008a63ff4a9e95c20384062baa510575c292bfa3809fc33abac128d380594
aprime_0078_df07bb63c7f8,yes,unsure,judge:Qwen3-Omni-30B-A3B-Instruct:validated:2b2008a63ff4a9e95c20384062baa510575c292bfa3809fc33abac128d380594
aprime_0079_ffe389d40953,yes,unsure,judge:Qwen3-Omni-30B-A3B-Instruct:validated:2b2008a63ff4a9e95c20384062baa510575c292bfa3809fc33abac128d380594
aprime_0080_dcceecdfd00f,yes,unsure,judge:Qwen3-Omni-30B-A3B-Instruct:validated:2b2008a63ff4a9e95c20384062baa510575c292bfa3809fc33abac128d380594
aprime_0081_8487c07f9274,yes,unsure,judge:Qwen3-Omni-30B-A3B-Instruct:validated:2b2008a63ff4a9e95c20384062baa510575c292bfa3809fc33abac128d380594
aprime_0082_0aa4eaa0896c,yes,unsure,judge:Qwen3-Omni-30B-A3B-Instruct:validated:2b2008a63ff4a9e95c20384062baa510575c292bfa3809fc33abac128d380594
aprime_0084_e57547bd05df,yes,unsure,judge:Qwen3-Omni-30B-A3B-Instruct:validated:2b2008a63ff4a9e95c20384062baa510575c292bfa3809fc33abac128d380594
aprime_0085_c3ce8f01fb25,no,unsure,judge:Qwen3-Omni-30B-A3B-Instruct:validated:2b2008a63ff4a9e95c20384062baa510575c292bfa3809fc33abac128d380594
aprime_0086_ac0d5086a761,yes,unsure,judge:Qwen3-Omni-30B-A3B-Instruct:validated:2b2008a63ff4a9e95c20384062baa510575c292bfa3809fc33abac128d380594
aprime_0088_c1fc76d6b180,no,unsure,judge:Qwen3-Omni-30B-A3B-Instruct:validated:2b2008a63ff4a9e95c20384062baa510575c292bfa3809fc33abac128d380594
aprime_0091_bad65b58604c,yes,unsure,judge:Qwen3-Omni-30B-A3B-Instruct:validated:2b2008a63ff4a9e95c20384062baa510575c292bfa3809fc33abac128d380594
aprime_0093_440a8340c72d,yes,unsure,judge:Qwen3-Omni-30B-A3B-Instruct:validated:2b2008a63ff4a9e95c20384062baa510575c292bfa3809fc33abac128d380594
aprime_0094_25cc7e670374,yes,unsure,judge:Qwen3-Omni-30B-A3B-Instruct:validated:2b2008a63ff4a9e95c20384062baa510575c292bfa3809fc33abac128d380594
aprime_0095_51514f0af9e7,yes,unsure,judge:Qwen3-Omni-30B-A3B-Instruct:validated:2b2008a63ff4a9e95c20384062baa510575c292bfa3809fc33abac128d380594
aprime_0096_59bda71a381b,yes,unsure,judge:Qwen3-Omni-30B-A3B-Instruct:validated:2b2008a63ff4a9e95c20384062baa510575c292bfa3809fc33abac128d380594
aprime_0097_06b0ebb90ff5,yes,unsure,judge:Qwen3-Omni-30B-A3B-Instruct:validated:2b2008a63ff4a9e95c20384062baa510575c292bfa3809fc33abac128d380594
aprime_0098_e05eaf45233a,yes,unsure,judge:Qwen3-Omni-30B-A3B-Instruct:validated:2b2008a63ff4a9e95c20384062baa510575c292bfa3809fc33abac128d380594
aprime_0100_2fbe0c58dada,yes,unsure,judge:Qwen3-Omni-30B-A3B-Instruct:validated:2b2008a63ff4a9e95c20384062baa510575c292bfa3809fc33abac128d380594
aprime_0102_5f9f8335f789,yes,unsure,judge:Qwen3-Omni-30B-A3B-Instruct:validated:2b2008a63ff4a9e95c20384062baa510575c292bfa3809fc33abac128d380594
aprime_0103_72874da38f31,yes,unsure,judge:Qwen3-Omni-30B-A3B-Instruct:validated:2b2008a63ff4a9e95c20384062baa510575c292bfa3809fc33abac128d380594
aprime_0105_d51fda1cf5d0,no,unsure,judge:Qwen3-Omni-30B-A3B-Instruct:validated:2b2008a63ff4a9e95c20384062baa510575c292bfa3809fc33abac128d380594
aprime_0106_112fa35970d9,no,unsure,judge:Qwen3-Omni-30B-A3B-Instruct:validated:2b2008a63ff4a9e95c20384062baa510575c292bfa3809fc33abac128d380594
aprime_0107_b5c83196b925,yes,unsure,judge:Qwen3-Omni-30B-A3B-Instruct:validated:2b2008a63ff4a9e95c20384062baa510575c292bfa3809fc33abac128d380594
aprime_0108_7d0fd5fbbe1b,yes,unsure,judge:Qwen3-Omni-30B-A3B-Instruct:validated:2b2008a63ff4a9e95c20384062baa510575c292bfa3809fc33abac128d380594
aprime_0111_9c32911ec9c2,yes,unsure,judge:Qwen3-Omni-30B-A3B-Instruct:validated:2b2008a63ff4a9e95c20384062baa510575c292bfa3809fc33abac128d380594
aprime_0112_026d3181cd8c,yes,unsure,judge:Qwen3-Omni-30B-A3B-Instruct:validated:2b2008a63ff4a9e95c20384062baa510575c292bfa3809fc33abac128d380594
aprime_0113_8cd074f67f4f,yes,unsure,judge:Qwen3-Omni-30B-A3B-Instruct:validated:2b2008a63ff4a9e95c20384062baa510575c292bfa3809fc33abac128d380594
aprime_0114_fe1b7b21de69,yes,unsure,judge:Qwen3-Omni-30B-A3B-Instruct:validated:2b2008a63ff4a9e95c20384062baa510575c292bfa3809fc33abac128d380594
aprime_0115_6f440ca487de,yes,unsure,judge:Qwen3-Omni-30B-A3B-Instruct:validated:2b2008a63ff4a9e95c20384062baa510575c292bfa3809fc33abac128d380594
aprime_0116_60353c2c60ae,yes,unsure,judge:Qwen3-Omni-30B-A3B-Instruct:validated:2b2008a63ff4a9e95c20384062baa510575c292bfa3809fc33abac128d380594
aprime_0118_8b03e33d1ee1,yes,unsure,judge:Qwen3-Omni-30B-A3B-Instruct:validated:2b2008a63ff4a9e95c20384062baa510575c292bfa3809fc33abac128d380594
aprime_0119_e9458fc6075e,no,unsure,judge:Qwen3-Omni-30B-A3B-Instruct:validated:2b2008a63ff4a9e95c20384062baa510575c292bfa3809fc33abac128d380594
aprime_0121_f803d8b68990,yes,unsure,judge:Qwen3-Omni-30B-A3B-Instruct:validated:2b2008a63ff4a9e95c20384062baa510575c292bfa3809fc33abac128d380594
aprime_0122_0feb20d3291d,yes,unsure,judge:Qwen3-Omni-30B-A3B-Instruct:validated:2b2008a63ff4a9e95c20384062baa510575c292bfa3809fc33abac128d380594
aprime_0124_5ea0eb3ca834,yes,unsure,judge:Qwen3-Omni-30B-A3B-Instruct:validated:2b2008a63ff4a9e95c20384062baa510575c292bfa3809fc33abac128d380594
aprime_0125_c611297b84f2,no,unsure,judge:Qwen3-Omni-30B-A3B-Instruct:validated:2b2008a63ff4a9e95c20384062baa510575c292bfa3809fc33abac128d380594
aprime_0127_369550ac2d7c,no,unsure,judge:Qwen3-Omni-30B-A3B-Instruct:validated:2b2008a63ff4a9e95c20384062baa510575c292bfa3809fc33abac128d380594
aprime_0128_2ba642aa7971,yes,unsure,judge:Qwen3-Omni-30B-A3B-Instruct:validated:2b2008a63ff4a9e95c20384062baa510575c292bfa3809fc33abac128d380594
aprime_0130_e323a0b0e5b7,yes,unsure,judge:Qwen3-Omni-30B-A3B-Instruct:validated:2b2008a63ff4a9e95c20384062baa510575c292bfa3809fc33abac128d380594
aprime_0131_0eb4beb64c40,yes,unsure,judge:Qwen3-Omni-30B-A3B-Instruct:validated:2b2008a63ff4a9e95c20384062baa510575c292bfa3809fc33abac128d380594
aprime_0132_b7fe0e099d2e,yes,unsure,judge:Qwen3-Omni-30B-A3B-Instruct:validated:2b2008a63ff4a9e95c20384062baa510575c292bfa3809fc33abac128d380594
aprime_0133_d4f8f68c88ba,yes,unsure,judge:Qwen3-Omni-30B-A3B-Instruct:validated:2b2008a63ff4a9e95c20384062baa510575c292bfa3809fc33abac128d380594
aprime_0134_3c451313bfec,yes,unsure,judge:Qwen3-Omni-30B-A3B-Instruct:validated:2b2008a63ff4a9e95c20384062baa510575c292bfa3809fc33abac128d380594
aprime_0135_2347acb2f00b,yes,unsure,judge:Qwen3-Omni-30B-A3B-Instruct:validated:2b2008a63ff4a9e95c20384062baa510575c292bfa3809fc33abac128d380594
aprime_0136_1d0c4fd55375,yes,unsure,judge:Qwen3-Omni-30B-A3B-Instruct:validated:2b2008a63ff4a9e95c20384062baa510575c292bfa3809fc33abac128d380594
aprime_0137_0db624ebcb90,yes,unsure,judge:Qwen3-Omni-30B-A3B-Instruct:validated:2b2008a63ff4a9e95c20384062baa510575c292bfa3809fc33abac128d380594
aprime_0138_3aa3e7c456ee,yes,unsure,judge:Qwen3-Omni-30B-A3B-Instruct:validated:2b2008a63ff4a9e95c20384062baa510575c292bfa3809fc33abac128d380594
aprime_0139_ac58d00f389e,yes,unsure,judge:Qwen3-Omni-30B-A3B-Instruct:validated:2b2008a63ff4a9e95c20384062baa510575c292bfa3809fc33abac128d380594
aprime_0140_06175ab981e6,yes,unsure,judge:Qwen3-Omni-30B-A3B-Instruct:validated:2b2008a63ff4a9e95c20384062baa510575c292bfa3809fc33abac128d380594
aprime_0141_df3cb4cf5301,yes,unsure,judge:Qwen3-Omni-30B-A3B-Instruct:validated:2b2008a63ff4a9e95c20384062baa510575c292bfa3809fc33abac128d380594
aprime_0143_15597a02f452,yes,unsure,judge:Qwen3-Omni-30B-A3B-Instruct:validated:2b2008a63ff4a9e95c20384062baa510575c292bfa3809fc33abac128d380594
aprime_0144_3ef89fa4bfb9,yes,unsure,judge:Qwen3-Omni-30B-A3B-Instruct:validated:2b2008a63ff4a9e95c20384062baa510575c292bfa3809fc33abac128d380594
aprime_0145_0a1183a4420d,yes,unsure,judge:Qwen3-Omni-30B-A3B-Instruct:validated:2b2008a63ff4a9e95c20384062baa510575c292bfa3809fc33abac128d380594
aprime_0146_407f0a18843f,yes,unsure,judge:Qwen3-Omni-30B-A3B-Instruct:validated:2b2008a63ff4a9e95c20384062baa510575c292bfa3809fc33abac128d380594
aprime_0147_e77de5e80729,yes,unsure,judge:Qwen3-Omni-30B-A3B-Instruct:validated:2b2008a63ff4a9e95c20384062baa510575c292bfa3809fc33abac128d380594
aprime_0149_e2499348a3e4,yes,unsure,judge:Qwen3-Omni-30B-A3B-Instruct:validated:2b2008a63ff4a9e95c20384062baa510575c292bfa3809fc33abac128d380594
aprime_0150_be0a0e2f9217,yes,unsure,judge:Qwen3-Omni-30B-A3B-Instruct:validated:2b2008a63ff4a9e95c20384062baa510575c292bfa3809fc33abac128d380594
aprime_0155_e80e38ceb0a1,yes,unsure,judge:Qwen3-Omni-30B-A3B-Instruct:validated:2b2008a63ff4a9e95c20384062baa510575c292bfa3809fc33abac128d380594
aprime_0157_f644674b7f1b,yes,unsure,judge:Qwen3-Omni-30B-A3B-Instruct:validated:2b2008a63ff4a9e95c20384062baa510575c292bfa3809fc33abac128d380594
aprime_0158_2e89fd88cffe,yes,unsure,judge:Qwen3-Omni-30B-A3B-Instruct:validated:2b2008a63ff4a9e95c20384062baa510575c292bfa3809fc33abac128d380594
aprime_0159_42c1983bce64,yes,unsure,judge:Qwen3-Omni-30B-A3B-Instruct:validated:2b2008a63ff4a9e95c20384062baa510575c292bfa3809fc33abac128d380594
aprime_0160_3a79b0f3a5c8,yes,unsure,judge:Qwen3-Omni-30B-A3B-Instruct:validated:2b2008a63ff4a9e95c20384062baa510575c292bfa3809fc33abac128d380594
aprime_0161_8a7aad56318a,yes,unsure,judge:Qwen3-Omni-30B-A3B-Instruct:validated:2b2008a63ff4a9e95c20384062baa510575c292bfa3809fc33abac128d380594
aprime_0163_966da187949b,yes,unsure,judge:Qwen3-Omni-30B-A3B-Instruct:validated:2b2008a63ff4a9e95c20384062baa510575c292bfa3809fc33abac128d380594
aprime_0164_d862c130cd9f,yes,unsure,judge:Qwen3-Omni-30B-A3B-Instruct:validated:2b2008a63ff4a9e95c20384062baa510575c292bfa3809fc33abac128d380594
aprime_0165_885e0aa7efcd,yes,unsure,judge:Qwen3-Omni-30B-A3B-Instruct:validated:2b2008a63ff4a9e95c20384062baa510575c292bfa3809fc33abac128d380594
aprime_0166_38c774b611f5,yes,unsure,judge:Qwen3-Omni-30B-A3B-Instruct:validated:2b2008a63ff4a9e95c20384062baa510575c292bfa3809fc33abac128d380594
aprime_0167_57dbf48ee9ac,yes,unsure,judge:Qwen3-Omni-30B-A3B-Instruct:validated:2b2008a63ff4a9e95c20384062baa510575c292bfa3809fc33abac128d380594
aprime_0168_9cb61a417965,yes,unsure,judge:Qwen3-Omni-30B-A3B-Instruct:validated:2b2008a63ff4a9e95c20384062baa510575c292bfa3809fc33abac128d380594
aprime_0170_84235b40b160,yes,unsure,judge:Qwen3-Omni-30B-A3B-Instruct:validated:2b2008a63ff4a9e95c20384062baa510575c292bfa3809fc33abac128d380594
aprime_0171_d2f5c551d7f3,yes,unsure,judge:Qwen3-Omni-30B-A3B-Instruct:validated:2b2008a63ff4a9e95c20384062baa510575c292bfa3809fc33abac128d380594
aprime_0172_f587b7170dc5,no,unsure,judge:Qwen3-Omni-30B-A3B-Instruct:validated:2b2008a63ff4a9e95c20384062baa510575c292bfa3809fc33abac128d380594
aprime_0173_f2dd7cc62700,yes,unsure,judge:Qwen3-Omni-30B-A3B-Instruct:validated:2b2008a63ff4a9e95c20384062baa510575c292bfa3809fc33abac128d380594
aprime_0174_cd2797a2ac80,yes,unsure,judge:Qwen3-Omni-30B-A3B-Instruct:validated:2b2008a63ff4a9e95c20384062baa510575c292bfa3809fc33abac128d380594
aprime_0176_ce0c239ff3bd,yes,unsure,judge:Qwen3-Omni-30B-A3B-Instruct:validated:2b2008a63ff4a9e95c20384062baa510575c292bfa3809fc33abac128d380594
aprime_0177_a3079633e016,yes,unsure,judge:Qwen3-Omni-30B-A3B-Instruct:validated:2b2008a63ff4a9e95c20384062baa510575c292bfa3809fc33abac128d380594
aprime_0179_6abe6ecf0ba7,yes,unsure,judge:Qwen3-Omni-30B-A3B-Instruct:validated:2b2008a63ff4a9e95c20384062baa510575c292bfa3809fc33abac128d380594
aprime_0180_5670f859354c,yes,unsure,judge:Qwen3-Omni-30B-A3B-Instruct:validated:2b2008a63ff4a9e95c20384062baa510575c292bfa3809fc33abac128d380594
aprime_0182_dfbb9741cbdf,no,unsure,judge:Qwen3-Omni-30B-A3B-Instruct:validated:2b2008a63ff4a9e95c20384062baa510575c292bfa3809fc33abac128d380594
aprime_0184_fe63ef48285d,yes,unsure,judge:Qwen3-Omni-30B-A3B-Instruct:validated:2b2008a63ff4a9e95c20384062baa510575c292bfa3809fc33abac128d380594
aprime_0185_98ee5e27505f,yes,unsure,judge:Qwen3-Omni-30B-A3B-Instruct:validated:2b2008a63ff4a9e95c20384062baa510575c292bfa3809fc33abac128d380594
aprime_0187_c658dd759ad3,yes,unsure,judge:Qwen3-Omni-30B-A3B-Instruct:validated:2b2008a63ff4a9e95c20384062baa510575c292bfa3809fc33abac128d380594
aprime_0188_15cfcbf4aedf,yes,unsure,judge:Qwen3-Omni-30B-A3B-Instruct:validated:2b2008a63ff4a9e95c20384062baa510575c292bfa3809fc33abac128d380594
aprime_0189_bcdf8b205064,yes,unsure,judge:Qwen3-Omni-30B-A3B-Instruct:validated:2b2008a63ff4a9e95c20384062baa510575c292bfa3809fc33abac128d380594
aprime_0190_7eaa555acfbc,yes,unsure,judge:Qwen3-Omni-30B-A3B-Instruct:validated:2b2008a63ff4a9e95c20384062baa510575c292bfa3809fc33abac128d380594
aprime_0191_71a7fbc70005,yes,unsure,judge:Qwen3-Omni-30B-A3B-Instruct:validated:2b2008a63ff4a9e95c20384062baa510575c292bfa3809fc33abac128d380594
aprime_0192_7f913804f03f,yes,unsure,judge:Qwen3-Omni-30B-A3B-Instruct:validated:2b2008a63ff4a9e95c20384062baa510575c292bfa3809fc33abac128d380594
aprime_0193_202baeeb3e5c,yes,unsure,judge:Qwen3-Omni-30B-A3B-Instruct:validated:2b2008a63ff4a9e95c20384062baa510575c292bfa3809fc33abac128d380594
aprime_0195_31209987bc34,yes,unsure,judge:Qwen3-Omni-30B-A3B-Instruct:validated:2b2008a63ff4a9e95c20384062baa510575c292bfa3809fc33abac128d380594
aprime_0196_833ae79af162,yes,unsure,judge:Qwen3-Omni-30B-A3B-Instruct:validated:2b2008a63ff4a9e95c20384062baa510575c292bfa3809fc33abac128d380594
aprime_0198_f10f669859f1,yes,unsure,judge:Qwen3-Omni-30B-A3B-Instruct:validated:2b2008a63ff4a9e95c20384062baa510575c292bfa3809fc33abac128d380594
aprime_0200_9bb4ac35bf8c,yes,unsure,judge:Qwen3-Omni-30B-A3B-Instruct:validated:2b2008a63ff4a9e95c20384062baa510575c292bfa3809fc33abac128d380594
aprime_0202_fb721ae8299f,yes,unsure,judge:Qwen3-Omni-30B-A3B-Instruct:validated:2b2008a63ff4a9e95c20384062baa510575c292bfa3809fc33abac128d380594
aprime_0204_77e540d9f159,no,unsure,judge:Qwen3-Omni-30B-A3B-Instruct:validated:2b2008a63ff4a9e95c20384062baa510575c292bfa3809fc33abac128d380594
aprime_0205_c31da1d6d02a,yes,unsure,judge:Qwen3-Omni-30B-A3B-Instruct:validated:2b2008a63ff4a9e95c20384062baa510575c292bfa3809fc33abac128d380594
aprime_0207_2ca80d663cfc,yes,unsure,judge:Qwen3-Omni-30B-A3B-Instruct:validated:2b2008a63ff4a9e95c20384062baa510575c292bfa3809fc33abac128d380594
aprime_0208_2e39b3a1e145,yes,unsure,judge:Qwen3-Omni-30B-A3B-Instruct:validated:2b2008a63ff4a9e95c20384062baa510575c292bfa3809fc33abac128d380594
aprime_0209_f8576be596bc,yes,unsure,judge:Qwen3-Omni-30B-A3B-Instruct:validated:2b2008a63ff4a9e95c20384062baa510575c292bfa3809fc33abac128d380594
aprime_0212_28f643c4f836,yes,unsure,judge:Qwen3-Omni-30B-A3B-Instruct:validated:2b2008a63ff4a9e95c20384062baa510575c292bfa3809fc33abac128d380594
aprime_0213_5c3b048f3226,yes,unsure,judge:Qwen3-Omni-30B-A3B-Instruct:validated:2b2008a63ff4a9e95c20384062baa510575c292bfa3809fc33abac128d380594
aprime_0214_84e9254a9c1f,yes,unsure,judge:Qwen3-Omni-30B-A3B-Instruct:validated:2b2008a63ff4a9e95c20384062baa510575c292bfa3809fc33abac128d380594
aprime_0215_668cde28479c,yes,unsure,judge:Qwen3-Omni-30B-A3B-Instruct:validated:2b2008a63ff4a9e95c20384062baa510575c292bfa3809fc33abac128d380594
aprime_0216_946f8f7c1db9,yes,unsure,judge:Qwen3-Omni-30B-A3B-Instruct:validated:2b2008a63ff4a9e95c20384062baa510575c292bfa3809fc33abac128d380594
aprime_0217_34ef2132d1e9,yes,unsure,judge:Qwen3-Omni-30B-A3B-Instruct:validated:2b2008a63ff4a9e95c20384062baa510575c292bfa3809fc33abac128d380594
aprime_0218_b16ff7250545,yes,unsure,judge:Qwen3-Omni-30B-A3B-Instruct:validated:2b2008a63ff4a9e95c20384062baa510575c292bfa3809fc33abac128d380594
aprime_0219_a17cf6165637,yes,unsure,judge:Qwen3-Omni-30B-A3B-Instruct:validated:2b2008a63ff4a9e95c20384062baa510575c292bfa3809fc33abac128d380594
aprime_0221_bfd44e8a20fa,yes,unsure,judge:Qwen3-Omni-30B-A3B-Instruct:validated:2b2008a63ff4a9e95c20384062baa510575c292bfa3809fc33abac128d380594
aprime_0222_6dd90b042626,yes,unsure,judge:Qwen3-Omni-30B-A3B-Instruct:validated:2b2008a63ff4a9e95c20384062baa510575c292bfa3809fc33abac128d380594
aprime_0224_28358dcedf55,yes,unsure,judge:Qwen3-Omni-30B-A3B-Instruct:validated:2b2008a63ff4a9e95c20384062baa510575c292bfa3809fc33abac128d380594
aprime_0225_7e892593065c,yes,unsure,judge:Qwen3-Omni-30B-A3B-Instruct:validated:2b2008a63ff4a9e95c20384062baa510575c292bfa3809fc33abac128d380594
aprime_0226_3ee55f238dac,yes,unsure,judge:Qwen3-Omni-30B-A3B-Instruct:validated:2b2008a63ff4a9e95c20384062baa510575c292bfa3809fc33abac128d380594
aprime_0227_8bc50d96e173,yes,unsure,judge:Qwen3-Omni-30B-A3B-Instruct:validated:2b2008a63ff4a9e95c20384062baa510575c292bfa3809fc33abac128d380594
aprime_0229_a1351b13b596,yes,unsure,judge:Qwen3-Omni-30B-A3B-Instruct:validated:2b2008a63ff4a9e95c20384062baa510575c292bfa3809fc33abac128d380594
aprime_0230_98a9fbc5973e,yes,unsure,judge:Qwen3-Omni-30B-A3B-Instruct:validated:2b2008a63ff4a9e95c20384062baa510575c292bfa3809fc33abac128d380594
aprime_0231_d960af8b07f7,no,unsure,judge:Qwen3-Omni-30B-A3B-Instruct:validated:2b2008a63ff4a9e95c20384062baa510575c292bfa3809fc33abac128d380594
aprime_0232_45cacf920fa3,yes,unsure,judge:Qwen3-Omni-30B-A3B-Instruct:validated:2b2008a63ff4a9e95c20384062baa510575c292bfa3809fc33abac128d380594
aprime_0233_ddc593e4ebbd,yes,unsure,judge:Qwen3-Omni-30B-A3B-Instruct:validated:2b2008a63ff4a9e95c20384062baa510575c292bfa3809fc33abac128d380594
aprime_0235_5f4474ad641e,yes,unsure,judge:Qwen3-Omni-30B-A3B-Instruct:validated:2b2008a63ff4a9e95c20384062baa510575c292bfa3809fc33abac128d380594
aprime_0238_1112256fe502,yes,unsure,judge:Qwen3-Omni-30B-A3B-Instruct:validated:2b2008a63ff4a9e95c20384062baa510575c292bfa3809fc33abac128d380594
aprime_0239_f7b8479d246f,yes,unsure,judge:Qwen3-Omni-30B-A3B-Instruct:validated:2b2008a63ff4a9e95c20384062baa510575c292bfa3809fc33abac128d380594
aprime_0240_9a9e9e7228ef,yes,unsure,judge:Qwen3-Omni-30B-A3B-Instruct:validated:2b2008a63ff4a9e95c20384062baa510575c292bfa3809fc33abac128d380594
aprime_0241_9db6a9481fc4,yes,unsure,judge:Qwen3-Omni-30B-A3B-Instruct:validated:2b2008a63ff4a9e95c20384062baa510575c292bfa3809fc33abac128d380594
aprime_0243_0cc5943aaaf5,yes,unsure,judge:Qwen3-Omni-30B-A3B-Instruct:validated:2b2008a63ff4a9e95c20384062baa510575c292bfa3809fc33abac128d380594
aprime_0244_46c1ef657077,yes,unsure,judge:Qwen3-Omni-30B-A3B-Instruct:validated:2b2008a63ff4a9e95c20384062baa510575c292bfa3809fc33abac128d380594
aprime_0245_01a8af0540cb,yes,unsure,judge:Qwen3-Omni-30B-A3B-Instruct:validated:2b2008a63ff4a9e95c20384062baa510575c292bfa3809fc33abac128d380594
aprime_0246_5655fe11efac,yes,unsure,judge:Qwen3-Omni-30B-A3B-Instruct:validated:2b2008a63ff4a9e95c20384062baa510575c292bfa3809fc33abac128d380594
aprime_0247_c84278863b84,yes,unsure,judge:Qwen3-Omni-30B-A3B-Instruct:validated:2b2008a63ff4a9e95c20384062baa510575c292bfa3809fc33abac128d380594
aprime_0248_bac1669bbd05,no,unsure,judge:Qwen3-Omni-30B-A3B-Instruct:validated:2b2008a63ff4a9e95c20384062baa510575c292bfa3809fc33abac128d380594
aprime_0249_514b875b6e70,yes,unsure,judge:Qwen3-Omni-30B-A3B-Instruct:validated:2b2008a63ff4a9e95c20384062baa510575c292bfa3809fc33abac128d380594
aprime_0254_c178a967c79c,yes,unsure,judge:Qwen3-Omni-30B-A3B-Instruct:validated:2b2008a63ff4a9e95c20384062baa510575c292bfa3809fc33abac128d380594
aprime_0257_90a8dcfa5463,yes,unsure,judge:Qwen3-Omni-30B-A3B-Instruct:validated:2b2008a63ff4a9e95c20384062baa510575c292bfa3809fc33abac128d380594
aprime_0258_8901444fc882,yes,unsure,judge:Qwen3-Omni-30B-A3B-Instruct:validated:2b2008a63ff4a9e95c20384062baa510575c292bfa3809fc33abac128d380594
aprime_0259_c5364f0827ba,yes,unsure,judge:Qwen3-Omni-30B-A3B-Instruct:validated:2b2008a63ff4a9e95c20384062baa510575c292bfa3809fc33abac128d380594
aprime_0260_432278e5dc9a,yes,unsure,judge:Qwen3-Omni-30B-A3B-Instruct:validated:2b2008a63ff4a9e95c20384062baa510575c292bfa3809fc33abac128d380594
aprime_0261_0a385fb5db1e,yes,unsure,judge:Qwen3-Omni-30B-A3B-Instruct:validated:2b2008a63ff4a9e95c20384062baa510575c292bfa3809fc33abac128d380594
aprime_0262_c7a71ec7e381,yes,unsure,judge:Qwen3-Omni-30B-A3B-Instruct:validated:2b2008a63ff4a9e95c20384062baa510575c292bfa3809fc33abac128d380594
aprime_0263_e51d8c9bf5aa,yes,unsure,judge:Qwen3-Omni-30B-A3B-Instruct:validated:2b2008a63ff4a9e95c20384062baa510575c292bfa3809fc33abac128d380594
aprime_0264_1b187922a34f,yes,unsure,judge:Qwen3-Omni-30B-A3B-Instruct:validated:2b2008a63ff4a9e95c20384062baa510575c292bfa3809fc33abac128d380594
aprime_0265_e4250de00b8a,no,unsure,judge:Qwen3-Omni-30B-A3B-Instruct:validated:2b2008a63ff4a9e95c20384062baa510575c292bfa3809fc33abac128d380594
aprime_0266_8953474d89dd,yes,unsure,judge:Qwen3-Omni-30B-A3B-Instruct:validated:2b2008a63ff4a9e95c20384062baa510575c292bfa3809fc33abac128d380594
aprime_0267_0ed0fce39a0d,no,unsure,judge:Qwen3-Omni-30B-A3B-Instruct:validated:2b2008a63ff4a9e95c20384062baa510575c292bfa3809fc33abac128d380594
aprime_0268_f9484e33acdf,yes,unsure,judge:Qwen3-Omni-30B-A3B-Instruct:validated:2b2008a63ff4a9e95c20384062baa510575c292bfa3809fc33abac128d380594
aprime_0269_132e0cfb1347,yes,unsure,judge:Qwen3-Omni-30B-A3B-Instruct:validated:2b2008a63ff4a9e95c20384062baa510575c292bfa3809fc33abac128d380594
aprime_0270_5e6a25489345,yes,unsure,judge:Qwen3-Omni-30B-A3B-Instruct:validated:2b2008a63ff4a9e95c20384062baa510575c292bfa3809fc33abac128d380594
aprime_0271_83e95835f825,yes,unsure,judge:Qwen3-Omni-30B-A3B-Instruct:validated:2b2008a63ff4a9e95c20384062baa510575c292bfa3809fc33abac128d380594
aprime_0272_f3648c5affe5,yes,unsure,judge:Qwen3-Omni-30B-A3B-Instruct:validated:2b2008a63ff4a9e95c20384062baa510575c292bfa3809fc33abac128d380594
aprime_0273_0beb57fdf88d,yes,unsure,judge:Qwen3-Omni-30B-A3B-Instruct:validated:2b2008a63ff4a9e95c20384062baa510575c292bfa3809fc33abac128d380594
aprime_0274_6e445592edc5,yes,unsure,judge:Qwen3-Omni-30B-A3B-Instruct:validated:2b2008a63ff4a9e95c20384062baa510575c292bfa3809fc33abac128d380594
aprime_0275_704126e14b84,yes,unsure,judge:Qwen3-Omni-30B-A3B-Instruct:validated:2b2008a63ff4a9e95c20384062baa510575c292bfa3809fc33abac128d380594
aprime_0276_46f4765d8f94,yes,unsure,judge:Qwen3-Omni-30B-A3B-Instruct:validated:2b2008a63ff4a9e95c20384062baa510575c292bfa3809fc33abac128d380594
aprime_0277_b7e1bcfc80c5,yes,unsure,judge:Qwen3-Omni-30B-A3B-Instruct:validated:2b2008a63ff4a9e95c20384062baa510575c292bfa3809fc33abac128d380594
aprime_0278_9e1d4d039b2c,yes,unsure,judge:Qwen3-Omni-30B-A3B-Instruct:validated:2b2008a63ff4a9e95c20384062baa510575c292bfa3809fc33abac128d380594
aprime_0279_181c7f10c98f,yes,unsure,judge:Qwen3-Omni-30B-A3B-Instruct:validated:2b2008a63ff4a9e95c20384062baa510575c292bfa3809fc33abac128d380594
aprime_0283_4b2a192ea080,yes,unsure,judge:Qwen3-Omni-30B-A3B-Instruct:validated:2b2008a63ff4a9e95c20384062baa510575c292bfa3809fc33abac128d380594
aprime_0284_521f768ad326,no,unsure,judge:Qwen3-Omni-30B-A3B-Instruct:validated:2b2008a63ff4a9e95c20384062baa510575c292bfa3809fc33abac128d380594
aprime_0285_912f0ed93c92,yes,unsure,judge:Qwen3-Omni-30B-A3B-Instruct:validated:2b2008a63ff4a9e95c20384062baa510575c292bfa3809fc33abac128d380594
aprime_0286_89c83569eb09,yes,unsure,judge:Qwen3-Omni-30B-A3B-Instruct:validated:2b2008a63ff4a9e95c20384062baa510575c292bfa3809fc33abac128d380594
aprime_0287_1a780a756ed6,yes,unsure,judge:Qwen3-Omni-30B-A3B-Instruct:validated:2b2008a63ff4a9e95c20384062baa510575c292bfa3809fc33abac128d380594
aprime_0288_f4f34173df28,no,unsure,judge:Qwen3-Omni-30B-A3B-Instruct:validated:2b2008a63ff4a9e95c20384062baa510575c292bfa3809fc33abac128d380594
aprime_0289_951de88dee70,yes,unsure,judge:Qwen3-Omni-30B-A3B-Instruct:validated:2b2008a63ff4a9e95c20384062baa510575c292bfa3809fc33abac128d380594
aprime_0290_936fbbfef0e8,yes,unsure,judge:Qwen3-Omni-30B-A3B-Instruct:validated:2b2008a63ff4a9e95c20384062baa510575c292bfa3809fc33abac128d380594
aprime_0291_4dba8f6e0e5d,yes,unsure,judge:Qwen3-Omni-30B-A3B-Instruct:validated:2b2008a63ff4a9e95c20384062baa510575c292bfa3809fc33abac128d380594
aprime_0294_5bb3b90ef8e3,yes,unsure,judge:Qwen3-Omni-30B-A3B-Instruct:validated:2b2008a63ff4a9e95c20384062baa510575c292bfa3809fc33abac128d380594
aprime_0295_9d35aeb5eed0,yes,unsure,judge:Qwen3-Omni-30B-A3B-Instruct:validated:2b2008a63ff4a9e95c20384062baa510575c292bfa3809fc33abac128d380594
aprime_0296_23a81a2627ba,yes,unsure,judge:Qwen3-Omni-30B-A3B-Instruct:validated:2b2008a63ff4a9e95c20384062baa510575c292bfa3809fc33abac128d380594
aprime_0297_e66fe54dd2ff,yes,unsure,judge:Qwen3-Omni-30B-A3B-Instruct:validated:2b2008a63ff4a9e95c20384062baa510575c292bfa3809fc33abac128d380594
aprime_0298_4d6174d326dd,yes,unsure,judge:Qwen3-Omni-30B-A3B-Instruct:validated:2b2008a63ff4a9e95c20384062baa510575c292bfa3809fc33abac128d380594
aprime_0299_551a08c3d82a,yes,unsure,judge:Qwen3-Omni-30B-A3B-Instruct:validated:2b2008a63ff4a9e95c20384062baa510575c292bfa3809fc33abac128d380594
aprime_0300_c00013104c75,yes,unsure,judge:Qwen3-Omni-30B-A3B-Instruct:validated:2b2008a63ff4a9e95c20384062baa510575c292bfa3809fc33abac128d380594
aprime_0302_69d6d25abff4,yes,unsure,judge:Qwen3-Omni-30B-A3B-Instruct:validated:2b2008a63ff4a9e95c20384062baa510575c292bfa3809fc33abac128d380594
aprime_0303_944df10c0114,yes,unsure,judge:Qwen3-Omni-30B-A3B-Instruct:validated:2b2008a63ff4a9e95c20384062baa510575c292bfa3809fc33abac128d380594
aprime_0305_53cf50843893,yes,unsure,judge:Qwen3-Omni-30B-A3B-Instruct:validated:2b2008a63ff4a9e95c20384062baa510575c292bfa3809fc33abac128d380594
aprime_0306_981dfabfa710,no,unsure,judge:Qwen3-Omni-30B-A3B-Instruct:validated:2b2008a63ff4a9e95c20384062baa510575c292bfa3809fc33abac128d380594
aprime_0307_3917334fbbf2,yes,unsure,judge:Qwen3-Omni-30B-A3B-Instruct:validated:2b2008a63ff4a9e95c20384062baa510575c292bfa3809fc33abac128d380594
aprime_0308_8f9f91f86ac3,yes,unsure,judge:Qwen3-Omni-30B-A3B-Instruct:validated:2b2008a63ff4a9e95c20384062baa510575c292bfa3809fc33abac128d380594
aprime_0309_e32ba77fed94,yes,unsure,judge:Qwen3-Omni-30B-A3B-Instruct:validated:2b2008a63ff4a9e95c20384062baa510575c292bfa3809fc33abac128d380594
aprime_0310_6de53561cb57,yes,unsure,judge:Qwen3-Omni-30B-A3B-Instruct:validated:2b2008a63ff4a9e95c20384062baa510575c292bfa3809fc33abac128d380594
aprime_0312_7bf82f49a671,yes,unsure,judge:Qwen3-Omni-30B-A3B-Instruct:validated:2b2008a63ff4a9e95c20384062baa510575c292bfa3809fc33abac128d380594
aprime_0314_cf34d0ae95ab,yes,unsure,judge:Qwen3-Omni-30B-A3B-Instruct:validated:2b2008a63ff4a9e95c20384062baa510575c292bfa3809fc33abac128d380594
aprime_0315_2c8df13cf2e8,yes,unsure,judge:Qwen3-Omni-30B-A3B-Instruct:validated:2b2008a63ff4a9e95c20384062baa510575c292bfa3809fc33abac128d380594
aprime_0316_2016f0766420,yes,unsure,judge:Qwen3-Omni-30B-A3B-Instruct:validated:2b2008a63ff4a9e95c20384062baa510575c292bfa3809fc33abac128d380594
aprime_0317_c51ec59885f5,yes,unsure,judge:Qwen3-Omni-30B-A3B-Instruct:validated:2b2008a63ff4a9e95c20384062baa510575c292bfa3809fc33abac128d380594
aprime_0319_2e63564b5404,yes,unsure,judge:Qwen3-Omni-30B-A3B-Instruct:validated:2b2008a63ff4a9e95c20384062baa510575c292bfa3809fc33abac128d380594
aprime_0322_1da05407a867,yes,unsure,judge:Qwen3-Omni-30B-A3B-Instruct:validated:2b2008a63ff4a9e95c20384062baa510575c292bfa3809fc33abac128d380594
aprime_0323_8b5f213be061,yes,unsure,judge:Qwen3-Omni-30B-A3B-Instruct:validated:2b2008a63ff4a9e95c20384062baa510575c292bfa3809fc33abac128d380594
aprime_0324_7debd24062d3,no,unsure,judge:Qwen3-Omni-30B-A3B-Instruct:validated:2b2008a63ff4a9e95c20384062baa510575c292bfa3809fc33abac128d380594
aprime_0325_41c051b3e1b7,yes,unsure,judge:Qwen3-Omni-30B-A3B-Instruct:validated:2b2008a63ff4a9e95c20384062baa510575c292bfa3809fc33abac128d380594
aprime_0326_7766fcba012c,yes,unsure,judge:Qwen3-Omni-30B-A3B-Instruct:validated:2b2008a63ff4a9e95c20384062baa510575c292bfa3809fc33abac128d380594
aprime_0327_c06f624535f1,yes,unsure,judge:Qwen3-Omni-30B-A3B-Instruct:validated:2b2008a63ff4a9e95c20384062baa510575c292bfa3809fc33abac128d380594
aprime_0328_1b7a3b1bf7b5,yes,unsure,judge:Qwen3-Omni-30B-A3B-Instruct:validated:2b2008a63ff4a9e95c20384062baa510575c292bfa3809fc33abac128d380594
aprime_0329_c0c9dd17c60b,yes,unsure,judge:Qwen3-Omni-30B-A3B-Instruct:validated:2b2008a63ff4a9e95c20384062baa510575c292bfa3809fc33abac128d380594
aprime_0330_a84eb49c5eed,yes,unsure,judge:Qwen3-Omni-30B-A3B-Instruct:validated:2b2008a63ff4a9e95c20384062baa510575c292bfa3809fc33abac128d380594
aprime_0332_5c09b0d9c749,yes,unsure,judge:Qwen3-Omni-30B-A3B-Instruct:validated:2b2008a63ff4a9e95c20384062baa510575c292bfa3809fc33abac128d380594
aprime_0333_599d10defea2,yes,unsure,judge:Qwen3-Omni-30B-A3B-Instruct:validated:2b2008a63ff4a9e95c20384062baa510575c292bfa3809fc33abac128d380594
aprime_0335_ffeedc2761bb,yes,unsure,judge:Qwen3-Omni-30B-A3B-Instruct:validated:2b2008a63ff4a9e95c20384062baa510575c292bfa3809fc33abac128d380594
aprime_0337_650cf0566652,yes,unsure,judge:Qwen3-Omni-30B-A3B-Instruct:validated:2b2008a63ff4a9e95c20384062baa510575c292bfa3809fc33abac128d380594
aprime_0338_dc26bd96238a,yes,unsure,judge:Qwen3-Omni-30B-A3B-Instruct:validated:2b2008a63ff4a9e95c20384062baa510575c292bfa3809fc33abac128d380594
aprime_0339_eb78e331a489,yes,unsure,judge:Qwen3-Omni-30B-A3B-Instruct:validated:2b2008a63ff4a9e95c20384062baa510575c292bfa3809fc33abac128d380594
aprime_0340_d535c8110c05,yes,unsure,judge:Qwen3-Omni-30B-A3B-Instruct:validated:2b2008a63ff4a9e95c20384062baa510575c292bfa3809fc33abac128d380594
aprime_0341_b385f43bb720,yes,unsure,judge:Qwen3-Omni-30B-A3B-Instruct:validated:2b2008a63ff4a9e95c20384062baa510575c292bfa3809fc33abac128d380594
aprime_0342_b2916757695b,yes,unsure,judge:Qwen3-Omni-30B-A3B-Instruct:validated:2b2008a63ff4a9e95c20384062baa510575c292bfa3809fc33abac128d380594
aprime_0343_e51760b14238,yes,unsure,judge:Qwen3-Omni-30B-A3B-Instruct:validated:2b2008a63ff4a9e95c20384062baa510575c292bfa3809fc33abac128d380594
aprime_0344_d9e59902aad0,yes,unsure,judge:Qwen3-Omni-30B-A3B-Instruct:validated:2b2008a63ff4a9e95c20384062baa510575c292bfa3809fc33abac128d380594
aprime_0345_32c4175a4bb6,yes,unsure,judge:Qwen3-Omni-30B-A3B-Instruct:validated:2b2008a63ff4a9e95c20384062baa510575c292bfa3809fc33abac128d380594
aprime_0346_c85dbaac6125,yes,unsure,judge:Qwen3-Omni-30B-A3B-Instruct:validated:2b2008a63ff4a9e95c20384062baa510575c292bfa3809fc33abac128d380594
aprime_0348_5f6782861931,yes,unsure,judge:Qwen3-Omni-30B-A3B-Instruct:validated:2b2008a63ff4a9e95c20384062baa510575c292bfa3809fc33abac128d380594
aprime_0349_9478ec34c44b,yes,unsure,judge:Qwen3-Omni-30B-A3B-Instruct:validated:2b2008a63ff4a9e95c20384062baa510575c292bfa3809fc33abac128d380594
aprime_0350_62fe49cd4ee3,yes,unsure,judge:Qwen3-Omni-30B-A3B-Instruct:validated:2b2008a63ff4a9e95c20384062baa510575c292bfa3809fc33abac128d380594
aprime_0351_555a8c352133,yes,unsure,judge:Qwen3-Omni-30B-A3B-Instruct:validated:2b2008a63ff4a9e95c20384062baa510575c292bfa3809fc33abac128d380594
aprime_0352_d009f4c682af,yes,unsure,judge:Qwen3-Omni-30B-A3B-Instruct:validated:2b2008a63ff4a9e95c20384062baa510575c292bfa3809fc33abac128d380594
aprime_0353_df290f438968,yes,unsure,judge:Qwen3-Omni-30B-A3B-Instruct:validated:2b2008a63ff4a9e95c20384062baa510575c292bfa3809fc33abac128d380594
aprime_0354_7ec957ef8b8b,yes,unsure,judge:Qwen3-Omni-30B-A3B-Instruct:validated:2b2008a63ff4a9e95c20384062baa510575c292bfa3809fc33abac128d380594
aprime_0355_ccb3165452d3,yes,unsure,judge:Qwen3-Omni-30B-A3B-Instruct:validated:2b2008a63ff4a9e95c20384062baa510575c292bfa3809fc33abac128d380594
aprime_0358_eb4bcee34ba3,no,unsure,judge:Qwen3-Omni-30B-A3B-Instruct:validated:2b2008a63ff4a9e95c20384062baa510575c292bfa3809fc33abac128d380594
aprime_0359_6b57b72122f2,yes,unsure,judge:Qwen3-Omni-30B-A3B-Instruct:validated:2b2008a63ff4a9e95c20384062baa510575c292bfa3809fc33abac128d380594
aprime_0360_6316b5c797ae,yes,unsure,judge:Qwen3-Omni-30B-A3B-Instruct:validated:2b2008a63ff4a9e95c20384062baa510575c292bfa3809fc33abac128d380594
aprime_0361_2c753b95b1d7,yes,unsure,judge:Qwen3-Omni-30B-A3B-Instruct:validated:2b2008a63ff4a9e95c20384062baa510575c292bfa3809fc33abac128d380594
aprime_0362_af8150d2d21a,yes,unsure,judge:Qwen3-Omni-30B-A3B-Instruct:validated:2b2008a63ff4a9e95c20384062baa510575c292bfa3809fc33abac128d380594
aprime_0363_1ffca01c11f5,yes,unsure,judge:Qwen3-Omni-30B-A3B-Instruct:validated:2b2008a63ff4a9e95c20384062baa510575c292bfa3809fc33abac128d380594
aprime_0364_0f590a361682,no,unsure,judge:Qwen3-Omni-30B-A3B-Instruct:validated:2b2008a63ff4a9e95c20384062baa510575c292bfa3809fc33abac128d380594
aprime_0365_c2488fef9bf0,yes,unsure,judge:Qwen3-Omni-30B-A3B-Instruct:validated:2b2008a63ff4a9e95c20384062baa510575c292bfa3809fc33abac128d380594
aprime_0368_e6d6cf97c81d,yes,unsure,judge:Qwen3-Omni-30B-A3B-Instruct:validated:2b2008a63ff4a9e95c20384062baa510575c292bfa3809fc33abac128d380594
aprime_0369_4777aaac8c5d,no,unsure,judge:Qwen3-Omni-30B-A3B-Instruct:validated:2b2008a63ff4a9e95c20384062baa510575c292bfa3809fc33abac128d380594
aprime_0370_d133fee55036,yes,unsure,judge:Qwen3-Omni-30B-A3B-Instruct:validated:2b2008a63ff4a9e95c20384062baa510575c292bfa3809fc33abac128d380594
aprime_0372_0867342217e9,yes,unsure,judge:Qwen3-Omni-30B-A3B-Instruct:validated:2b2008a63ff4a9e95c20384062baa510575c292bfa3809fc33abac128d380594
aprime_0373_f8f132071432,yes,unsure,judge:Qwen3-Omni-30B-A3B-Instruct:validated:2b2008a63ff4a9e95c20384062baa510575c292bfa3809fc33abac128d380594
aprime_0374_056c88166ed7,yes,unsure,judge:Qwen3-Omni-30B-A3B-Instruct:validated:2b2008a63ff4a9e95c20384062baa510575c292bfa3809fc33abac128d380594
aprime_0376_5d5d863ca5a5,yes,unsure,judge:Qwen3-Omni-30B-A3B-Instruct:validated:2b2008a63ff4a9e95c20384062baa510575c292bfa3809fc33abac128d380594
aprime_0379_ce575e7d3981,yes,unsure,judge:Qwen3-Omni-30B-A3B-Instruct:validated:2b2008a63ff4a9e95c20384062baa510575c292bfa3809fc33abac128d380594
aprime_0380_f67a7342ab00,yes,unsure,judge:Qwen3-Omni-30B-A3B-Instruct:validated:2b2008a63ff4a9e95c20384062baa510575c292bfa3809fc33abac128d380594
aprime_0382_1645344abff3,yes,unsure,judge:Qwen3-Omni-30B-A3B-Instruct:validated:2b2008a63ff4a9e95c20384062baa510575c292bfa3809fc33abac128d380594
aprime_0384_d459a5bdd131,yes,unsure,judge:Qwen3-Omni-30B-A3B-Instruct:validated:2b2008a63ff4a9e95c20384062baa510575c292bfa3809fc33abac128d380594
aprime_0386_42b516d37d5c,yes,unsure,judge:Qwen3-Omni-30B-A3B-Instruct:validated:2b2008a63ff4a9e95c20384062baa510575c292bfa3809fc33abac128d380594
aprime_0387_490fd2798f97,yes,unsure,judge:Qwen3-Omni-30B-A3B-Instruct:validated:2b2008a63ff4a9e95c20384062baa510575c292bfa3809fc33abac128d380594
aprime_0388_a65e293c5b45,yes,unsure,judge:Qwen3-Omni-30B-A3B-Instruct:validated:2b2008a63ff4a9e95c20384062baa510575c292bfa3809fc33abac128d380594
aprime_0389_8ce2dcdfbf30,yes,unsure,judge:Qwen3-Omni-30B-A3B-Instruct:validated:2b2008a63ff4a9e95c20384062baa510575c292bfa3809fc33abac128d380594
aprime_0390_d1740faaccbc,yes,unsure,judge:Qwen3-Omni-30B-A3B-Instruct:validated:2b2008a63ff4a9e95c20384062baa510575c292bfa3809fc33abac128d380594
aprime_0391_0de661e45025,yes,unsure,judge:Qwen3-Omni-30B-A3B-Instruct:validated:2b2008a63ff4a9e95c20384062baa510575c292bfa3809fc33abac128d380594
aprime_0392_93f45cb05ef0,yes,unsure,judge:Qwen3-Omni-30B-A3B-Instruct:validated:2b2008a63ff4a9e95c20384062baa510575c292bfa3809fc33abac128d380594
aprime_0393_fba1f3aacd80,yes,unsure,judge:Qwen3-Omni-30B-A3B-Instruct:validated:2b2008a63ff4a9e95c20384062baa510575c292bfa3809fc33abac128d380594
aprime_0397_99fc94cd8122,yes,unsure,judge:Qwen3-Omni-30B-A3B-Instruct:validated:2b2008a63ff4a9e95c20384062baa510575c292bfa3809fc33abac128d380594
aprime_0398_e53c574c4314,yes,unsure,judge:Qwen3-Omni-30B-A3B-Instruct:validated:2b2008a63ff4a9e95c20384062baa510575c292bfa3809fc33abac128d380594
aprime_0400_7539692582da,no,unsure,judge:Qwen3-Omni-30B-A3B-Instruct:validated:2b2008a63ff4a9e95c20384062baa510575c292bfa3809fc33abac128d380594
aprime_0401_57256c4e3232,yes,unsure,judge:Qwen3-Omni-30B-A3B-Instruct:validated:2b2008a63ff4a9e95c20384062baa510575c292bfa3809fc33abac128d380594
aprime_0404_ca309e8dee1f,yes,unsure,judge:Qwen3-Omni-30B-A3B-Instruct:validated:2b2008a63ff4a9e95c20384062baa510575c292bfa3809fc33abac128d380594
aprime_0406_f50060ff9d0b,yes,unsure,judge:Qwen3-Omni-30B-A3B-Instruct:validated:2b2008a63ff4a9e95c20384062baa510575c292bfa3809fc33abac128d380594
aprime_0407_52153bffce0e,yes,unsure,judge:Qwen3-Omni-30B-A3B-Instruct:validated:2b2008a63ff4a9e95c20384062baa510575c292bfa3809fc33abac128d380594
aprime_0408_d25ef1ecbafc,yes,unsure,judge:Qwen3-Omni-30B-A3B-Instruct:validated:2b2008a63ff4a9e95c20384062baa510575c292bfa3809fc33abac128d380594
aprime_0409_e5c51f8be3e0,yes,unsure,judge:Qwen3-Omni-30B-A3B-Instruct:validated:2b2008a63ff4a9e95c20384062baa510575c292bfa3809fc33abac128d380594
aprime_0411_03336e967b9b,yes,unsure,judge:Qwen3-Omni-30B-A3B-Instruct:validated:2b2008a63ff4a9e95c20384062baa510575c292bfa3809fc33abac128d380594
aprime_0412_d5f2bd7637f1,yes,unsure,judge:Qwen3-Omni-30B-A3B-Instruct:validated:2b2008a63ff4a9e95c20384062baa510575c292bfa3809fc33abac128d380594
aprime_0413_d9584d4ab36e,yes,unsure,judge:Qwen3-Omni-30B-A3B-Instruct:validated:2b2008a63ff4a9e95c20384062baa510575c292bfa3809fc33abac128d380594
aprime_0414_7e94fb31cf62,yes,unsure,judge:Qwen3-Omni-30B-A3B-Instruct:validated:2b2008a63ff4a9e95c20384062baa510575c292bfa3809fc33abac128d380594
aprime_0416_3197292c8bbc,yes,unsure,judge:Qwen3-Omni-30B-A3B-Instruct:validated:2b2008a63ff4a9e95c20384062baa510575c292bfa3809fc33abac128d380594
aprime_0417_545e4a6c110c,yes,unsure,judge:Qwen3-Omni-30B-A3B-Instruct:validated:2b2008a63ff4a9e95c20384062baa510575c292bfa3809fc33abac128d380594
aprime_0419_eec8a5f35fb4,yes,unsure,judge:Qwen3-Omni-30B-A3B-Instruct:validated:2b2008a63ff4a9e95c20384062baa510575c292bfa3809fc33abac128d380594
aprime_0420_66fc283e40c2,yes,unsure,judge:Qwen3-Omni-30B-A3B-Instruct:validated:2b2008a63ff4a9e95c20384062baa510575c292bfa3809fc33abac128d380594
aprime_0422_907e57adcc3d,yes,unsure,judge:Qwen3-Omni-30B-A3B-Instruct:validated:2b2008a63ff4a9e95c20384062baa510575c292bfa3809fc33abac128d380594
aprime_0423_baf13e324c5b,yes,unsure,judge:Qwen3-Omni-30B-A3B-Instruct:validated:2b2008a63ff4a9e95c20384062baa510575c292bfa3809fc33abac128d380594
aprime_0424_0c3a8284001e,no,unsure,judge:Qwen3-Omni-30B-A3B-Instruct:validated:2b2008a63ff4a9e95c20384062baa510575c292bfa3809fc33abac128d380594
aprime_0425_90482aaf526b,yes,unsure,judge:Qwen3-Omni-30B-A3B-Instruct:validated:2b2008a63ff4a9e95c20384062baa510575c292bfa3809fc33abac128d380594
aprime_0426_c77291e7c6dd,yes,unsure,judge:Qwen3-Omni-30B-A3B-Instruct:validated:2b2008a63ff4a9e95c20384062baa510575c292bfa3809fc33abac128d380594
aprime_0427_e4259438bf96,yes,unsure,judge:Qwen3-Omni-30B-A3B-Instruct:validated:2b2008a63ff4a9e95c20384062baa510575c292bfa3809fc33abac128d380594
aprime_0428_7b040cd20b28,yes,unsure,judge:Qwen3-Omni-30B-A3B-Instruct:validated:2b2008a63ff4a9e95c20384062baa510575c292bfa3809fc33abac128d380594
aprime_0429_58536a89f88b,yes,unsure,judge:Qwen3-Omni-30B-A3B-Instruct:validated:2b2008a63ff4a9e95c20384062baa510575c292bfa3809fc33abac128d380594
aprime_0431_f8719ddd60e5,yes,unsure,judge:Qwen3-Omni-30B-A3B-Instruct:validated:2b2008a63ff4a9e95c20384062baa510575c292bfa3809fc33abac128d380594
aprime_0432_13242f0d3cc5,yes,unsure,judge:Qwen3-Omni-30B-A3B-Instruct:validated:2b2008a63ff4a9e95c20384062baa510575c292bfa3809fc33abac128d380594
aprime_0433_03dfddf573c4,yes,unsure,judge:Qwen3-Omni-30B-A3B-Instruct:validated:2b2008a63ff4a9e95c20384062baa510575c292bfa3809fc33abac128d380594
aprime_0435_0ed7665344a8,yes,unsure,judge:Qwen3-Omni-30B-A3B-Instruct:validated:2b2008a63ff4a9e95c20384062baa510575c292bfa3809fc33abac128d380594
aprime_0438_d167ab64bd09,yes,unsure,judge:Qwen3-Omni-30B-A3B-Instruct:validated:2b2008a63ff4a9e95c20384062baa510575c292bfa3809fc33abac128d380594
aprime_0439_3def7b41abc4,yes,unsure,judge:Qwen3-Omni-30B-A3B-Instruct:validated:2b2008a63ff4a9e95c20384062baa510575c292bfa3809fc33abac128d380594
aprime_0443_7768d3c81606,yes,unsure,judge:Qwen3-Omni-30B-A3B-Instruct:validated:2b2008a63ff4a9e95c20384062baa510575c292bfa3809fc33abac128d380594
aprime_0444_2b5b292b478a,yes,unsure,judge:Qwen3-Omni-30B-A3B-Instruct:validated:2b2008a63ff4a9e95c20384062baa510575c292bfa3809fc33abac128d380594
aprime_0445_dc29debc223e,yes,unsure,judge:Qwen3-Omni-30B-A3B-Instruct:validated:2b2008a63ff4a9e95c20384062baa510575c292bfa3809fc33abac128d380594
aprime_0446_46f6b5ef7e78,yes,unsure,judge:Qwen3-Omni-30B-A3B-Instruct:validated:2b2008a63ff4a9e95c20384062baa510575c292bfa3809fc33abac128d380594
aprime_0447_1355925baa07,yes,unsure,judge:Qwen3-Omni-30B-A3B-Instruct:validated:2b2008a63ff4a9e95c20384062baa510575c292bfa3809fc33abac128d380594
aprime_0448_0005c31f2542,yes,unsure,judge:Qwen3-Omni-30B-A3B-Instruct:validated:2b2008a63ff4a9e95c20384062baa510575c292bfa3809fc33abac128d380594
aprime_0449_56862bdc83e5,yes,unsure,judge:Qwen3-Omni-30B-A3B-Instruct:validated:2b2008a63ff4a9e95c20384062baa510575c292bfa3809fc33abac128d380594
aprime_0453_da1af34dd63c,yes,unsure,judge:Qwen3-Omni-30B-A3B-Instruct:validated:2b2008a63ff4a9e95c20384062baa510575c292bfa3809fc33abac128d380594
aprime_0454_839e331902ac,yes,unsure,judge:Qwen3-Omni-30B-A3B-Instruct:validated:2b2008a63ff4a9e95c20384062baa510575c292bfa3809fc33abac128d380594
aprime_0455_020c9b9947bd,yes,unsure,judge:Qwen3-Omni-30B-A3B-Instruct:validated:2b2008a63ff4a9e95c20384062baa510575c292bfa3809fc33abac128d380594
aprime_0456_7abddd6c7de8,yes,unsure,judge:Qwen3-Omni-30B-A3B-Instruct:validated:2b2008a63ff4a9e95c20384062baa510575c292bfa3809fc33abac128d380594
aprime_0457_1718368b4a0e,yes,unsure,judge:Qwen3-Omni-30B-A3B-Instruct:validated:2b2008a63ff4a9e95c20384062baa510575c292bfa3809fc33abac128d380594
aprime_0459_8a706e8d967c,yes,unsure,judge:Qwen3-Omni-30B-A3B-Instruct:validated:2b2008a63ff4a9e95c20384062baa510575c292bfa3809fc33abac128d380594
aprime_0460_212386a0308f,yes,unsure,judge:Qwen3-Omni-30B-A3B-Instruct:validated:2b2008a63ff4a9e95c20384062baa510575c292bfa3809fc33abac128d380594
aprime_0463_6889b6d9c510,yes,unsure,judge:Qwen3-Omni-30B-A3B-Instruct:validated:2b2008a63ff4a9e95c20384062baa510575c292bfa3809fc33abac128d380594
aprime_0464_9e038d11ecaf,yes,unsure,judge:Qwen3-Omni-30B-A3B-Instruct:validated:2b2008a63ff4a9e95c20384062baa510575c292bfa3809fc33abac128d380594
aprime_0465_3129c1d089b2,yes,unsure,judge:Qwen3-Omni-30B-A3B-Instruct:validated:2b2008a63ff4a9e95c20384062baa510575c292bfa3809fc33abac128d380594
aprime_0466_aa81a4a49f1f,yes,unsure,judge:Qwen3-Omni-30B-A3B-Instruct:validated:2b2008a63ff4a9e95c20384062baa510575c292bfa3809fc33abac128d380594
aprime_0467_b1f178f5466a,yes,unsure,judge:Qwen3-Omni-30B-A3B-Instruct:validated:2b2008a63ff4a9e95c20384062baa510575c292bfa3809fc33abac128d380594
aprime_0469_698281ec0f34,yes,unsure,judge:Qwen3-Omni-30B-A3B-Instruct:validated:2b2008a63ff4a9e95c20384062baa510575c292bfa3809fc33abac128d380594
aprime_0472_53da37d00108,yes,unsure,judge:Qwen3-Omni-30B-A3B-Instruct:validated:2b2008a63ff4a9e95c20384062baa510575c292bfa3809fc33abac128d380594
aprime_0476_ee2ac0fb8abe,yes,unsure,judge:Qwen3-Omni-30B-A3B-Instruct:validated:2b2008a63ff4a9e95c20384062baa510575c292bfa3809fc33abac128d380594
aprime_0477_eb059a184507,yes,unsure,judge:Qwen3-Omni-30B-A3B-Instruct:validated:2b2008a63ff4a9e95c20384062baa510575c292bfa3809fc33abac128d380594
aprime_0479_938f5762949b,yes,unsure,judge:Qwen3-Omni-30B-A3B-Instruct:validated:2b2008a63ff4a9e95c20384062baa510575c292bfa3809fc33abac128d380594
aprime_0481_86b316602bc9,yes,unsure,judge:Qwen3-Omni-30B-A3B-Instruct:validated:2b2008a63ff4a9e95c20384062baa510575c292bfa3809fc33abac128d380594
aprime_0482_0d1f466588ae,yes,unsure,judge:Qwen3-Omni-30B-A3B-Instruct:validated:2b2008a63ff4a9e95c20384062baa510575c292bfa3809fc33abac128d380594
aprime_0483_70189bc87d35,yes,unsure,judge:Qwen3-Omni-30B-A3B-Instruct:validated:2b2008a63ff4a9e95c20384062baa510575c292bfa3809fc33abac128d380594
aprime_0484_7f89a0711ec8,yes,unsure,judge:Qwen3-Omni-30B-A3B-Instruct:validated:2b2008a63ff4a9e95c20384062baa510575c292bfa3809fc33abac128d380594
aprime_0485_eaf3b53cd93c,yes,unsure,judge:Qwen3-Omni-30B-A3B-Instruct:validated:2b2008a63ff4a9e95c20384062baa510575c292bfa3809fc33abac128d380594
aprime_0486_7a78bfb3077a,yes,unsure,judge:Qwen3-Omni-30B-A3B-Instruct:validated:2b2008a63ff4a9e95c20384062baa510575c292bfa3809fc33abac128d380594
aprime_0487_8bc653239ffa,yes,unsure,judge:Qwen3-Omni-30B-A3B-Instruct:validated:2b2008a63ff4a9e95c20384062baa510575c292bfa3809fc33abac128d380594
aprime_0488_0a421957a5fe,yes,unsure,judge:Qwen3-Omni-30B-A3B-Instruct:validated:2b2008a63ff4a9e95c20384062baa510575c292bfa3809fc33abac128d380594
aprime_0489_7e008487e90a,yes,unsure,judge:Qwen3-Omni-30B-A3B-Instruct:validated:2b2008a63ff4a9e95c20384062baa510575c292bfa3809fc33abac128d380594
aprime_0491_35dbc814c036,yes,unsure,judge:Qwen3-Omni-30B-A3B-Instruct:validated:2b2008a63ff4a9e95c20384062baa510575c292bfa3809fc33abac128d380594
aprime_0492_39743bae5eb0,yes,unsure,judge:Qwen3-Omni-30B-A3B-Instruct:validated:2b2008a63ff4a9e95c20384062baa510575c292bfa3809fc33abac128d380594
aprime_0494_d0e2586e7fe3,yes,unsure,judge:Qwen3-Omni-30B-A3B-Instruct:validated:2b2008a63ff4a9e95c20384062baa510575c292bfa3809fc33abac128d380594
aprime_0495_6ee6c2f67cdc,yes,unsure,judge:Qwen3-Omni-30B-A3B-Instruct:validated:2b2008a63ff4a9e95c20384062baa510575c292bfa3809fc33abac128d380594
aprime_0496_914c8179c9c7,yes,unsure,judge:Qwen3-Omni-30B-A3B-Instruct:validated:2b2008a63ff4a9e95c20384062baa510575c292bfa3809fc33abac128d380594
aprime_0497_7b96deb42a6f,no,unsure,judge:Qwen3-Omni-30B-A3B-Instruct:validated:2b2008a63ff4a9e95c20384062baa510575c292bfa3809fc33abac128d380594
aprime_0498_31731431f8c3,no,unsure,judge:Qwen3-Omni-30B-A3B-Instruct:validated:2b2008a63ff4a9e95c20384062baa510575c292bfa3809fc33abac128d380594
aprime_0499_86221f675463,yes,unsure,judge:Qwen3-Omni-30B-A3B-Instruct:validated:2b2008a63ff4a9e95c20384062baa510575c292bfa3809fc33abac128d380594
aprime_0500_8ff972acee47,yes,unsure,judge:Qwen3-Omni-30B-A3B-Instruct:validated:2b2008a63ff4a9e95c20384062baa510575c292bfa3809fc33abac128d380594
aprime_0501_1da625cac529,yes,unsure,judge:Qwen3-Omni-30B-A3B-Instruct:validated:2b2008a63ff4a9e95c20384062baa510575c292bfa3809fc33abac128d380594
aprime_0505_0ef0632367a4,yes,unsure,judge:Qwen3-Omni-30B-A3B-Instruct:validated:2b2008a63ff4a9e95c20384062baa510575c292bfa3809fc33abac128d380594
aprime_0506_c43356afd684,yes,unsure,judge:Qwen3-Omni-30B-A3B-Instruct:validated:2b2008a63ff4a9e95c20384062baa510575c292bfa3809fc33abac128d380594
aprime_0507_d7e508e94368,no,unsure,judge:Qwen3-Omni-30B-A3B-Instruct:validated:2b2008a63ff4a9e95c20384062baa510575c292bfa3809fc33abac128d380594
aprime_0510_ca675cffaada,no,unsure,judge:Qwen3-Omni-30B-A3B-Instruct:validated:2b2008a63ff4a9e95c20384062baa510575c292bfa3809fc33abac128d380594
aprime_0511_1b6ccde6f6a4,yes,unsure,judge:Qwen3-Omni-30B-A3B-Instruct:validated:2b2008a63ff4a9e95c20384062baa510575c292bfa3809fc33abac128d380594
aprime_0512_5bbb8326abd3,yes,unsure,judge:Qwen3-Omni-30B-A3B-Instruct:validated:2b2008a63ff4a9e95c20384062baa510575c292bfa3809fc33abac128d380594
aprime_0513_f54fd45764e1,yes,unsure,judge:Qwen3-Omni-30B-A3B-Instruct:validated:2b2008a63ff4a9e95c20384062baa510575c292bfa3809fc33abac128d380594
aprime_0514_5763b0c16cc6,yes,unsure,judge:Qwen3-Omni-30B-A3B-Instruct:validated:2b2008a63ff4a9e95c20384062baa510575c292bfa3809fc33abac128d380594
aprime_0516_feb77120ef76,yes,unsure,judge:Qwen3-Omni-30B-A3B-Instruct:validated:2b2008a63ff4a9e95c20384062baa510575c292bfa3809fc33abac128d380594
aprime_0517_a6277c90b90f,yes,unsure,judge:Qwen3-Omni-30B-A3B-Instruct:validated:2b2008a63ff4a9e95c20384062baa510575c292bfa3809fc33abac128d380594
aprime_0518_e4376464a346,yes,unsure,judge:Qwen3-Omni-30B-A3B-Instruct:validated:2b2008a63ff4a9e95c20384062baa510575c292bfa3809fc33abac128d380594
aprime_0519_79628d003084,yes,unsure,judge:Qwen3-Omni-30B-A3B-Instruct:validated:2b2008a63ff4a9e95c20384062baa510575c292bfa3809fc33abac128d380594
aprime_0520_31ba49b9538d,no,unsure,judge:Qwen3-Omni-30B-A3B-Instruct:validated:2b2008a63ff4a9e95c20384062baa510575c292bfa3809fc33abac128d380594
aprime_0521_24280531930c,yes,unsure,judge:Qwen3-Omni-30B-A3B-Instruct:validated:2b2008a63ff4a9e95c20384062baa510575c292bfa3809fc33abac128d380594
aprime_0522_5c96afcae3f3,yes,unsure,judge:Qwen3-Omni-30B-A3B-Instruct:validated:2b2008a63ff4a9e95c20384062baa510575c292bfa3809fc33abac128d380594
aprime_0524_cb06715f1b71,yes,unsure,judge:Qwen3-Omni-30B-A3B-Instruct:validated:2b2008a63ff4a9e95c20384062baa510575c292bfa3809fc33abac128d380594
aprime_0525_9e71a0a1fc08,yes,unsure,judge:Qwen3-Omni-30B-A3B-Instruct:validated:2b2008a63ff4a9e95c20384062baa510575c292bfa3809fc33abac128d380594
aprime_0526_c864a0c93233,yes,unsure,judge:Qwen3-Omni-30B-A3B-Instruct:validated:2b2008a63ff4a9e95c20384062baa510575c292bfa3809fc33abac128d380594
aprime_0527_74f41e4a15fb,yes,unsure,judge:Qwen3-Omni-30B-A3B-Instruct:validated:2b2008a63ff4a9e95c20384062baa510575c292bfa3809fc33abac128d380594
aprime_0530_f6eec3a158a6,yes,unsure,judge:Qwen3-Omni-30B-A3B-Instruct:validated:2b2008a63ff4a9e95c20384062baa510575c292bfa3809fc33abac128d380594
aprime_0531_b32ee5112382,yes,unsure,judge:Qwen3-Omni-30B-A3B-Instruct:validated:2b2008a63ff4a9e95c20384062baa510575c292bfa3809fc33abac128d380594
aprime_0532_89e854c485de,yes,unsure,judge:Qwen3-Omni-30B-A3B-Instruct:validated:2b2008a63ff4a9e95c20384062baa510575c292bfa3809fc33abac128d380594
aprime_0533_6cf36fd372e7,yes,unsure,judge:Qwen3-Omni-30B-A3B-Instruct:validated:2b2008a63ff4a9e95c20384062baa510575c292bfa3809fc33abac128d380594
aprime_0536_462c769c19f0,yes,unsure,judge:Qwen3-Omni-30B-A3B-Instruct:validated:2b2008a63ff4a9e95c20384062baa510575c292bfa3809fc33abac128d380594
aprime_0537_8d523df950a0,yes,unsure,judge:Qwen3-Omni-30B-A3B-Instruct:validated:2b2008a63ff4a9e95c20384062baa510575c292bfa3809fc33abac128d380594
aprime_0539_e69e017f0725,yes,unsure,judge:Qwen3-Omni-30B-A3B-Instruct:validated:2b2008a63ff4a9e95c20384062baa510575c292bfa3809fc33abac128d380594
aprime_0540_398050263d51,no,unsure,judge:Qwen3-Omni-30B-A3B-Instruct:validated:2b2008a63ff4a9e95c20384062baa510575c292bfa3809fc33abac128d380594
aprime_0541_5e6d1f896776,yes,unsure,judge:Qwen3-Omni-30B-A3B-Instruct:validated:2b2008a63ff4a9e95c20384062baa510575c292bfa3809fc33abac128d380594
aprime_0542_5c9105e2a1dd,yes,unsure,judge:Qwen3-Omni-30B-A3B-Instruct:validated:2b2008a63ff4a9e95c20384062baa510575c292bfa3809fc33abac128d380594
aprime_0543_2ae90472a6ad,yes,unsure,judge:Qwen3-Omni-30B-A3B-Instruct:validated:2b2008a63ff4a9e95c20384062baa510575c292bfa3809fc33abac128d380594
aprime_0544_4e8d37fb6ec9,yes,unsure,judge:Qwen3-Omni-30B-A3B-Instruct:validated:2b2008a63ff4a9e95c20384062baa510575c292bfa3809fc33abac128d380594
aprime_0545_839160d11e13,no,unsure,judge:Qwen3-Omni-30B-A3B-Instruct:validated:2b2008a63ff4a9e95c20384062baa510575c292bfa3809fc33abac128d380594
aprime_0546_f1a84aabfaa9,yes,unsure,judge:Qwen3-Omni-30B-A3B-Instruct:validated:2b2008a63ff4a9e95c20384062baa510575c292bfa3809fc33abac128d380594
aprime_0547_10a6100701b9,yes,unsure,judge:Qwen3-Omni-30B-A3B-Instruct:validated:2b2008a63ff4a9e95c20384062baa510575c292bfa3809fc33abac128d380594
aprime_0549_e0f9eef04668,yes,unsure,judge:Qwen3-Omni-30B-A3B-Instruct:validated:2b2008a63ff4a9e95c20384062baa510575c292bfa3809fc33abac128d380594
aprime_0550_e9bafa3bdcc3,yes,unsure,judge:Qwen3-Omni-30B-A3B-Instruct:validated:2b2008a63ff4a9e95c20384062baa510575c292bfa3809fc33abac128d380594
aprime_0551_d444726afcc5,yes,unsure,judge:Qwen3-Omni-30B-A3B-Instruct:validated:2b2008a63ff4a9e95c20384062baa510575c292bfa3809fc33abac128d380594
aprime_0553_6f95d0cc2af7,yes,unsure,judge:Qwen3-Omni-30B-A3B-Instruct:validated:2b2008a63ff4a9e95c20384062baa510575c292bfa3809fc33abac128d380594
aprime_0554_81051b6a059d,yes,unsure,judge:Qwen3-Omni-30B-A3B-Instruct:validated:2b2008a63ff4a9e95c20384062baa510575c292bfa3809fc33abac128d380594
aprime_0555_75ca83180496,yes,unsure,judge:Qwen3-Omni-30B-A3B-Instruct:validated:2b2008a63ff4a9e95c20384062baa510575c292bfa3809fc33abac128d380594
aprime_0556_06e13ef0216d,yes,unsure,judge:Qwen3-Omni-30B-A3B-Instruct:validated:2b2008a63ff4a9e95c20384062baa510575c292bfa3809fc33abac128d380594
aprime_0558_7c9c63fc2a1e,yes,unsure,judge:Qwen3-Omni-30B-A3B-Instruct:validated:2b2008a63ff4a9e95c20384062baa510575c292bfa3809fc33abac128d380594
aprime_0559_179d60786ac8,yes,unsure,judge:Qwen3-Omni-30B-A3B-Instruct:validated:2b2008a63ff4a9e95c20384062baa510575c292bfa3809fc33abac128d380594
aprime_0561_1bd235f94af7,yes,unsure,judge:Qwen3-Omni-30B-A3B-Instruct:validated:2b2008a63ff4a9e95c20384062baa510575c292bfa3809fc33abac128d380594
aprime_0562_f596044e9bec,yes,unsure,judge:Qwen3-Omni-30B-A3B-Instruct:validated:2b2008a63ff4a9e95c20384062baa510575c292bfa3809fc33abac128d380594
aprime_0563_a1a3881e8c56,yes,unsure,judge:Qwen3-Omni-30B-A3B-Instruct:validated:2b2008a63ff4a9e95c20384062baa510575c292bfa3809fc33abac128d380594
aprime_0565_2343e3e0548e,yes,unsure,judge:Qwen3-Omni-30B-A3B-Instruct:validated:2b2008a63ff4a9e95c20384062baa510575c292bfa3809fc33abac128d380594
aprime_0566_1e2277c399d0,yes,unsure,judge:Qwen3-Omni-30B-A3B-Instruct:validated:2b2008a63ff4a9e95c20384062baa510575c292bfa3809fc33abac128d380594
aprime_0568_e10f7a4a5f36,yes,unsure,judge:Qwen3-Omni-30B-A3B-Instruct:validated:2b2008a63ff4a9e95c20384062baa510575c292bfa3809fc33abac128d380594
aprime_0569_8efdd8634b8f,yes,unsure,judge:Qwen3-Omni-30B-A3B-Instruct:validated:2b2008a63ff4a9e95c20384062baa510575c292bfa3809fc33abac128d380594
aprime_0571_146ce6f6e0ee,yes,unsure,judge:Qwen3-Omni-30B-A3B-Instruct:validated:2b2008a63ff4a9e95c20384062baa510575c292bfa3809fc33abac128d380594
aprime_0573_f300ee3d1639,yes,unsure,judge:Qwen3-Omni-30B-A3B-Instruct:validated:2b2008a63ff4a9e95c20384062baa510575c292bfa3809fc33abac128d380594
aprime_0574_f6302e749c37,yes,unsure,judge:Qwen3-Omni-30B-A3B-Instruct:validated:2b2008a63ff4a9e95c20384062baa510575c292bfa3809fc33abac128d380594
aprime_0575_1531665daad5,yes,unsure,judge:Qwen3-Omni-30B-A3B-Instruct:validated:2b2008a63ff4a9e95c20384062baa510575c292bfa3809fc33abac128d380594
aprime_0576_f2547282e77b,yes,unsure,judge:Qwen3-Omni-30B-A3B-Instruct:validated:2b2008a63ff4a9e95c20384062baa510575c292bfa3809fc33abac128d380594
aprime_0577_6fd2d8bc81d7,yes,unsure,judge:Qwen3-Omni-30B-A3B-Instruct:validated:2b2008a63ff4a9e95c20384062baa510575c292bfa3809fc33abac128d380594
aprime_0578_f0d3b2ed7a79,yes,unsure,judge:Qwen3-Omni-30B-A3B-Instruct:validated:2b2008a63ff4a9e95c20384062baa510575c292bfa3809fc33abac128d380594
aprime_0579_d96560ba13da,yes,unsure,judge:Qwen3-Omni-30B-A3B-Instruct:validated:2b2008a63ff4a9e95c20384062baa510575c292bfa3809fc33abac128d380594
aprime_0580_0f044828dc91,yes,unsure,judge:Qwen3-Omni-30B-A3B-Instruct:validated:2b2008a63ff4a9e95c20384062baa510575c292bfa3809fc33abac128d380594
aprime_0581_78da5a291d65,yes,unsure,judge:Qwen3-Omni-30B-A3B-Instruct:validated:2b2008a63ff4a9e95c20384062baa510575c292bfa3809fc33abac128d380594
aprime_0583_b10a50296369,yes,unsure,judge:Qwen3-Omni-30B-A3B-Instruct:validated:2b2008a63ff4a9e95c20384062baa510575c292bfa3809fc33abac128d380594
aprime_0584_1086670fa6e3,no,unsure,judge:Qwen3-Omni-30B-A3B-Instruct:validated:2b2008a63ff4a9e95c20384062baa510575c292bfa3809fc33abac128d380594
aprime_0585_d680cf364704,yes,unsure,judge:Qwen3-Omni-30B-A3B-Instruct:validated:2b2008a63ff4a9e95c20384062baa510575c292bfa3809fc33abac128d380594
aprime_0587_281667f3b8c4,yes,unsure,judge:Qwen3-Omni-30B-A3B-Instruct:validated:2b2008a63ff4a9e95c20384062baa510575c292bfa3809fc33abac128d380594
aprime_0589_4a39428edfea,yes,unsure,judge:Qwen3-Omni-30B-A3B-Instruct:validated:2b2008a63ff4a9e95c20384062baa510575c292bfa3809fc33abac128d380594
aprime_0591_68cc6fc7529f,yes,unsure,judge:Qwen3-Omni-30B-A3B-Instruct:validated:2b2008a63ff4a9e95c20384062baa510575c292bfa3809fc33abac128d380594
aprime_0592_1b47555b0b54,yes,unsure,judge:Qwen3-Omni-30B-A3B-Instruct:validated:2b2008a63ff4a9e95c20384062baa510575c292bfa3809fc33abac128d380594
aprime_0594_f2d065d96e3b,no,unsure,judge:Qwen3-Omni-30B-A3B-Instruct:validated:2b2008a63ff4a9e95c20384062baa510575c292bfa3809fc33abac128d380594
aprime_0595_ff928dce7d67,yes,unsure,judge:Qwen3-Omni-30B-A3B-Instruct:validated:2b2008a63ff4a9e95c20384062baa510575c292bfa3809fc33abac128d380594
aprime_0596_78610c390207,yes,unsure,judge:Qwen3-Omni-30B-A3B-Instruct:validated:2b2008a63ff4a9e95c20384062baa510575c292bfa3809fc33abac128d380594
aprime_0597_9bdc2468ebc9,yes,unsure,judge:Qwen3-Omni-30B-A3B-Instruct:validated:2b2008a63ff4a9e95c20384062baa510575c292bfa3809fc33abac128d380594
aprime_0598_9257a91a4ec0,yes,unsure,judge:Qwen3-Omni-30B-A3B-Instruct:validated:2b2008a63ff4a9e95c20384062baa510575c292bfa3809fc33abac128d380594
aprime_0601_833195585ba5,yes,unsure,judge:Qwen3-Omni-30B-A3B-Instruct:validated:2b2008a63ff4a9e95c20384062baa510575c292bfa3809fc33abac128d380594
aprime_0602_50ce95277de3,yes,unsure,judge:Qwen3-Omni-30B-A3B-Instruct:validated:2b2008a63ff4a9e95c20384062baa510575c292bfa3809fc33abac128d380594
aprime_0603_d57b6d99c686,yes,unsure,judge:Qwen3-Omni-30B-A3B-Instruct:validated:2b2008a63ff4a9e95c20384062baa510575c292bfa3809fc33abac128d380594
aprime_0605_bba0d88aa0de,yes,unsure,judge:Qwen3-Omni-30B-A3B-Instruct:validated:2b2008a63ff4a9e95c20384062baa510575c292bfa3809fc33abac128d380594
aprime_0607_aeb3d5aac08c,no,unsure,judge:Qwen3-Omni-30B-A3B-Instruct:validated:2b2008a63ff4a9e95c20384062baa510575c292bfa3809fc33abac128d380594
aprime_0608_2f037679c7ef,yes,unsure,judge:Qwen3-Omni-30B-A3B-Instruct:validated:2b2008a63ff4a9e95c20384062baa510575c292bfa3809fc33abac128d380594
aprime_0609_3059431143d5,yes,unsure,judge:Qwen3-Omni-30B-A3B-Instruct:validated:2b2008a63ff4a9e95c20384062baa510575c292bfa3809fc33abac128d380594
aprime_0611_b0653572eb17,yes,unsure,judge:Qwen3-Omni-30B-A3B-Instruct:validated:2b2008a63ff4a9e95c20384062baa510575c292bfa3809fc33abac128d380594
aprime_0613_7af96355e19e,yes,unsure,judge:Qwen3-Omni-30B-A3B-Instruct:validated:2b2008a63ff4a9e95c20384062baa510575c292bfa3809fc33abac128d380594
aprime_0615_9b784fcbdcbb,yes,unsure,judge:Qwen3-Omni-30B-A3B-Instruct:validated:2b2008a63ff4a9e95c20384062baa510575c292bfa3809fc33abac128d380594
aprime_0616_1d0fb11cfbeb,yes,unsure,judge:Qwen3-Omni-30B-A3B-Instruct:validated:2b2008a63ff4a9e95c20384062baa510575c292bfa3809fc33abac128d380594
aprime_0618_e829f92b90cc,yes,unsure,judge:Qwen3-Omni-30B-A3B-Instruct:validated:2b2008a63ff4a9e95c20384062baa510575c292bfa3809fc33abac128d380594
aprime_0619_29686c4f31ab,yes,unsure,judge:Qwen3-Omni-30B-A3B-Instruct:validated:2b2008a63ff4a9e95c20384062baa510575c292bfa3809fc33abac128d380594
aprime_0622_cca0847a6187,yes,unsure,judge:Qwen3-Omni-30B-A3B-Instruct:validated:2b2008a63ff4a9e95c20384062baa510575c292bfa3809fc33abac128d380594
aprime_0623_c5584618caba,yes,unsure,judge:Qwen3-Omni-30B-A3B-Instruct:validated:2b2008a63ff4a9e95c20384062baa510575c292bfa3809fc33abac128d380594
aprime_0624_cedcd72ac3b7,yes,unsure,judge:Qwen3-Omni-30B-A3B-Instruct:validated:2b2008a63ff4a9e95c20384062baa510575c292bfa3809fc33abac128d380594
aprime_0625_eaac0c783ee8,yes,unsure,judge:Qwen3-Omni-30B-A3B-Instruct:validated:2b2008a63ff4a9e95c20384062baa510575c292bfa3809fc33abac128d380594
aprime_0629_9a11747ab420,yes,unsure,judge:Qwen3-Omni-30B-A3B-Instruct:validated:2b2008a63ff4a9e95c20384062baa510575c292bfa3809fc33abac128d380594
aprime_0630_1fb65f02e5de,yes,unsure,judge:Qwen3-Omni-30B-A3B-Instruct:validated:2b2008a63ff4a9e95c20384062baa510575c292bfa3809fc33abac128d380594
aprime_0631_fe83a75ea42e,yes,unsure,judge:Qwen3-Omni-30B-A3B-Instruct:validated:2b2008a63ff4a9e95c20384062baa510575c292bfa3809fc33abac128d380594
aprime_0632_a50bb59c34ec,yes,unsure,judge:Qwen3-Omni-30B-A3B-Instruct:validated:2b2008a63ff4a9e95c20384062baa510575c292bfa3809fc33abac128d380594
aprime_0633_e860fc8a5f51,no,unsure,judge:Qwen3-Omni-30B-A3B-Instruct:validated:2b2008a63ff4a9e95c20384062baa510575c292bfa3809fc33abac128d380594
aprime_0634_afbab97e708a,yes,unsure,judge:Qwen3-Omni-30B-A3B-Instruct:validated:2b2008a63ff4a9e95c20384062baa510575c292bfa3809fc33abac128d380594
aprime_0636_62c60e859c91,yes,unsure,judge:Qwen3-Omni-30B-A3B-Instruct:validated:2b2008a63ff4a9e95c20384062baa510575c292bfa3809fc33abac128d380594
aprime_0637_c265f4f0ac84,yes,unsure,judge:Qwen3-Omni-30B-A3B-Instruct:validated:2b2008a63ff4a9e95c20384062baa510575c292bfa3809fc33abac128d380594
aprime_0638_2fc5edec82da,yes,unsure,judge:Qwen3-Omni-30B-A3B-Instruct:validated:2b2008a63ff4a9e95c20384062baa510575c292bfa3809fc33abac128d380594
aprime_0639_c7e6cd205d7f,yes,unsure,judge:Qwen3-Omni-30B-A3B-Instruct:validated:2b2008a63ff4a9e95c20384062baa510575c292bfa3809fc33abac128d380594
aprime_0640_b4f503692542,no,unsure,judge:Qwen3-Omni-30B-A3B-Instruct:validated:2b2008a63ff4a9e95c20384062baa510575c292bfa3809fc33abac128d380594
aprime_0642_fa10e2716b5c,no,unsure,judge:Qwen3-Omni-30B-A3B-Instruct:validated:2b2008a63ff4a9e95c20384062baa510575c292bfa3809fc33abac128d380594
aprime_0643_368c2b9cff7e,yes,unsure,judge:Qwen3-Omni-30B-A3B-Instruct:validated:2b2008a63ff4a9e95c20384062baa510575c292bfa3809fc33abac128d380594
aprime_0645_8c11716d4216,yes,unsure,judge:Qwen3-Omni-30B-A3B-Instruct:validated:2b2008a63ff4a9e95c20384062baa510575c292bfa3809fc33abac128d380594
aprime_0649_9cb5c6c2a895,yes,unsure,judge:Qwen3-Omni-30B-A3B-Instruct:validated:2b2008a63ff4a9e95c20384062baa510575c292bfa3809fc33abac128d380594
aprime_0650_dacd1784c6c3,yes,unsure,judge:Qwen3-Omni-30B-A3B-Instruct:validated:2b2008a63ff4a9e95c20384062baa510575c292bfa3809fc33abac128d380594
aprime_0653_0fc112cceb9b,yes,unsure,judge:Qwen3-Omni-30B-A3B-Instruct:validated:2b2008a63ff4a9e95c20384062baa510575c292bfa3809fc33abac128d380594
aprime_0654_3ecf93b71671,yes,unsure,judge:Qwen3-Omni-30B-A3B-Instruct:validated:2b2008a63ff4a9e95c20384062baa510575c292bfa3809fc33abac128d380594
aprime_0655_26abf16fc0bf,yes,unsure,judge:Qwen3-Omni-30B-A3B-Instruct:validated:2b2008a63ff4a9e95c20384062baa510575c292bfa3809fc33abac128d380594
aprime_0657_76289591da0c,yes,unsure,judge:Qwen3-Omni-30B-A3B-Instruct:validated:2b2008a63ff4a9e95c20384062baa510575c292bfa3809fc33abac128d380594
aprime_0658_254f2720ddb1,yes,unsure,judge:Qwen3-Omni-30B-A3B-Instruct:validated:2b2008a63ff4a9e95c20384062baa510575c292bfa3809fc33abac128d380594
aprime_0659_dce2ee5e64d5,yes,unsure,judge:Qwen3-Omni-30B-A3B-Instruct:validated:2b2008a63ff4a9e95c20384062baa510575c292bfa3809fc33abac128d380594
aprime_0660_8dfbc958a67f,yes,unsure,judge:Qwen3-Omni-30B-A3B-Instruct:validated:2b2008a63ff4a9e95c20384062baa510575c292bfa3809fc33abac128d380594
aprime_0661_63ccdc7a04c8,yes,unsure,judge:Qwen3-Omni-30B-A3B-Instruct:validated:2b2008a63ff4a9e95c20384062baa510575c292bfa3809fc33abac128d380594
aprime_0662_11b27dd6eaca,yes,unsure,judge:Qwen3-Omni-30B-A3B-Instruct:validated:2b2008a63ff4a9e95c20384062baa510575c292bfa3809fc33abac128d380594
aprime_0664_1ed1ae1e2357,yes,unsure,judge:Qwen3-Omni-30B-A3B-Instruct:validated:2b2008a63ff4a9e95c20384062baa510575c292bfa3809fc33abac128d380594
aprime_0665_65085368ec51,no,unsure,judge:Qwen3-Omni-30B-A3B-Instruct:validated:2b2008a63ff4a9e95c20384062baa510575c292bfa3809fc33abac128d380594
aprime_0666_71116042238a,yes,unsure,judge:Qwen3-Omni-30B-A3B-Instruct:validated:2b2008a63ff4a9e95c20384062baa510575c292bfa3809fc33abac128d380594
aprime_0667_dcd9d885823d,yes,unsure,judge:Qwen3-Omni-30B-A3B-Instruct:validated:2b2008a63ff4a9e95c20384062baa510575c292bfa3809fc33abac128d380594
aprime_0668_ddfd03424905,yes,unsure,judge:Qwen3-Omni-30B-A3B-Instruct:validated:2b2008a63ff4a9e95c20384062baa510575c292bfa3809fc33abac128d380594
aprime_0669_a61675a50dd2,yes,unsure,judge:Qwen3-Omni-30B-A3B-Instruct:validated:2b2008a63ff4a9e95c20384062baa510575c292bfa3809fc33abac128d380594
aprime_0670_6a651413197f,yes,unsure,judge:Qwen3-Omni-30B-A3B-Instruct:validated:2b2008a63ff4a9e95c20384062baa510575c292bfa3809fc33abac128d380594
aprime_0671_0cca665ef8c3,yes,unsure,judge:Qwen3-Omni-30B-A3B-Instruct:validated:2b2008a63ff4a9e95c20384062baa510575c292bfa3809fc33abac128d380594
aprime_0672_0428636b4344,yes,unsure,judge:Qwen3-Omni-30B-A3B-Instruct:validated:2b2008a63ff4a9e95c20384062baa510575c292bfa3809fc33abac128d380594
aprime_0674_3ca218c86a0f,yes,unsure,judge:Qwen3-Omni-30B-A3B-Instruct:validated:2b2008a63ff4a9e95c20384062baa510575c292bfa3809fc33abac128d380594
aprime_0675_6e5d1f20ef6e,yes,unsure,judge:Qwen3-Omni-30B-A3B-Instruct:validated:2b2008a63ff4a9e95c20384062baa510575c292bfa3809fc33abac128d380594
aprime_0676_08c77097498a,no,unsure,judge:Qwen3-Omni-30B-A3B-Instruct:validated:2b2008a63ff4a9e95c20384062baa510575c292bfa3809fc33abac128d380594
aprime_0679_7a1dcf7675ed,yes,unsure,judge:Qwen3-Omni-30B-A3B-Instruct:validated:2b2008a63ff4a9e95c20384062baa510575c292bfa3809fc33abac128d380594
aprime_0682_ba3b4675132d,yes,unsure,judge:Qwen3-Omni-30B-A3B-Instruct:validated:2b2008a63ff4a9e95c20384062baa510575c292bfa3809fc33abac128d380594
aprime_0684_c463a93c81ff,yes,unsure,judge:Qwen3-Omni-30B-A3B-Instruct:validated:2b2008a63ff4a9e95c20384062baa510575c292bfa3809fc33abac128d380594
aprime_0685_95d331731e2c,yes,unsure,judge:Qwen3-Omni-30B-A3B-Instruct:validated:2b2008a63ff4a9e95c20384062baa510575c292bfa3809fc33abac128d380594
aprime_0687_01c4eb5cce69,no,unsure,judge:Qwen3-Omni-30B-A3B-Instruct:validated:2b2008a63ff4a9e95c20384062baa510575c292bfa3809fc33abac128d380594
aprime_0688_f6b9c4eaf1b7,yes,unsure,judge:Qwen3-Omni-30B-A3B-Instruct:validated:2b2008a63ff4a9e95c20384062baa510575c292bfa3809fc33abac128d380594
aprime_0689_7d9afcd909bf,yes,unsure,judge:Qwen3-Omni-30B-A3B-Instruct:validated:2b2008a63ff4a9e95c20384062baa510575c292bfa3809fc33abac128d380594
aprime_0690_d2da227c60e3,yes,unsure,judge:Qwen3-Omni-30B-A3B-Instruct:validated:2b2008a63ff4a9e95c20384062baa510575c292bfa3809fc33abac128d380594
